"Ngày","Lần cuối","Mở","Cao","Thấp","KL","% Thay đổi"
"21/06/2026","26,315.0","26,319.5","26,366.0","26,272.5","","-0.02%"
"14/06/2026","26,320.0","26,312.5","26,367.5","26,254.5","","0.04%"
"07/06/2026","26,310.0","26,347.0","26,378.0","26,278.5","","-0.08%"
"31/05/2026","26,330.0","26,314.5","26,382.0","26,276.5","","0.07%"
"24/05/2026","26,312.5","26,362.0","26,378.5","26,272.5","","-0.20%"
"17/05/2026","26,365.0","26,354.5","26,382.5","26,315.0","","0.04%"
"10/05/2026","26,355.0","26,320.0","26,378.5","26,295.0","","0.18%"
"03/05/2026","26,308.0","26,356.0","26,361.5","26,266.0","","-0.18%"
"26/04/2026","26,356.0","26,359.0","26,361.5","26,325.5","","-0.01%"
"19/04/2026","26,359.0","26,335.0","26,359.0","26,297.0","","0.09%"
"12/04/2026","26,335.0","26,335.5","26,352.5","26,302.5","","0.00%"
"05/04/2026","26,336.0","26,345.5","26,354.0","26,303.5","","-0.02%"
"29/03/2026","26,340.0","26,339.0","26,372.0","26,289.0","","0.01%"
"22/03/2026","26,337.5","26,316.0","26,363.5","26,302.0","","0.10%"
"15/03/2026","26,312.0","26,291.0","26,329.5","26,239.0","","0.07%"
"08/03/2026","26,294.0","26,274.5","26,308.5","26,182.5","","0.21%"
"01/03/2026","26,240.0","26,041.5","26,269.5","26,041.5","","0.75%"
"22/02/2026","26,045.0","25,970.0","26,224.5","25,948.5","","0.29%"
"15/02/2026","25,970.0","25,970.0","25,970.0","25,970.0","","0.00%"
"08/02/2026","25,970.0","25,958.5","26,049.0","25,844.5","","0.08%"
"01/02/2026","25,950.0","25,923.5","26,057.5","25,889.5","","0.04%"
"25/01/2026","25,940.0","26,234.5","26,256.0","25,884.0","","-1.16%"
"18/01/2026","26,245.0","26,274.5","26,298.5","26,220.0","","-0.11%"
"11/01/2026","26,275.0","26,269.0","26,317.5","26,242.5","","0.02%"
"04/01/2026","26,270.0","26,290.0","26,317.5","26,245.0","","-0.11%"
"28/12/2025","26,300.0","26,289.5","26,327.0","26,239.0","","0.03%"
"21/12/2025","26,291.0","26,316.0","26,365.0","26,255.0","","-0.08%"
"14/12/2025","26,312.5","26,270.0","26,369.0","26,269.0","","0.02%"
"07/12/2025","26,306.0","26,359.5","26,387.5","26,270.0","","-0.20%"
"30/11/2025","26,360.0","26,359.5","26,397.0","26,320.0","","-0.02%"
"23/11/2025","26,365.0","26,360.0","26,396.0","26,311.5","","0.05%"
"16/11/2025","26,353.0","26,350.0","26,388.5","26,305.0","","0.01%"
"09/11/2025","26,350.0","26,314.5","26,373.5","26,282.0","","0.15%"
"02/11/2025","26,310.0","26,306.0","26,345.0","26,275.0","","-0.02%"
"26/10/2025","26,315.0","26,302.0","26,345.0","26,276.5","","0.04%"
"19/10/2025","26,305.0","26,340.0","26,360.0","26,287.5","","-0.14%"
"12/10/2025","26,342.0","26,334.5","26,364.0","26,305.0","","0.01%"
"05/10/2025","26,340.0","26,372.5","26,428.5","26,325.0","","-0.16%"
"28/09/2025","26,381.0","26,410.0","26,434.0","26,351.0","","-0.11%"
"21/09/2025","26,410.0","26,385.5","26,436.0","26,360.0","","0.10%"
"14/09/2025","26,382.5","26,387.0","26,405.0","26,346.0","","-0.01%"
"07/09/2025","26,385.0","26,374.5","26,431.5","26,355.5","","-0.06%"
"31/08/2025","26,400.0","26,345.0","26,415.0","26,295.5","","0.21%"
"24/08/2025","26,345.0","26,300.0","26,405.5","26,288.0","","-0.02%"
"17/08/2025","26,350.0","26,272.0","26,457.0","26,245.0","","0.30%"
"10/08/2025","26,270.0","26,228.0","26,336.0","26,200.0","","0.17%"
"03/08/2025","26,225.0","26,207.5","26,282.5","26,147.5","","0.02%"
"27/07/2025","26,220.0","26,145.0","26,271.5","26,127.5","","0.29%"
"20/07/2025","26,145.0","26,155.0","26,170.0","26,112.5","","-0.06%"
"13/07/2025","26,160.0","26,110.0","26,183.0","26,085.0","","0.17%"
"06/07/2025","26,114.5","26,202.5","26,205.0","26,065.0","","-0.25%"
"29/06/2025","26,180.0","26,082.5","26,264.5","26,055.0","","0.33%"
"22/06/2025","26,095.0","26,135.0","26,222.5","26,061.5","","-0.13%"
"15/06/2025","26,128.5","26,070.0","26,152.5","26,041.5","","0.21%"
"08/06/2025","26,075.0","26,094.0","26,105.5","26,000.0","","0.08%"
"01/06/2025","26,054.0","26,025.0","26,126.5","25,980.0","","0.12%"
"25/05/2025","26,021.5","25,961.0","26,074.5","25,886.0","","0.26%"
"18/05/2025","25,954.0","25,920.0","25,989.5","25,907.5","","0.13%"
"11/05/2025","25,921.5","25,970.0","25,992.0","25,903.0","","-0.22%"
"04/05/2025","25,978.5","26,000.0","26,019.5","25,912.5","","-0.10%"
"27/04/2025","26,005.0","26,025.0","26,050.0","25,927.5","","-0.06%"
"20/04/2025","26,021.5","25,950.0","26,070.5","25,858.5","","0.28%"
"13/04/2025","25,950.0","25,735.0","25,976.5","25,705.0","","0.75%"
"06/04/2025","25,757.5","25,800.0","26,130.0","25,660.5","","-0.09%"
"30/03/2025","25,780.0","25,538.5","25,837.0","25,536.5","","0.90%"
"23/03/2025","25,550.0","25,538.0","25,664.0","25,538.0","","-0.14%"
"16/03/2025","25,585.0","25,520.0","25,605.0","25,475.0","","0.33%"
"09/03/2025","25,500.0","25,515.0","25,568.5","25,450.0","","0.08%"
"02/03/2025","25,480.0","25,554.0","25,617.5","25,430.0","","-0.20%"
"23/02/2025","25,530.0","25,485.0","25,573.0","25,466.0","","0.08%"
"16/02/2025","25,510.0","25,390.0","25,580.0","25,390.0","","0.55%"
"09/02/2025","25,370.0","25,375.0","25,607.0","25,367.5","","0.32%"
"02/02/2025","25,290.0","25,025.0","25,355.0","25,025.0","","0.92%"
"26/01/2025","25,060.0","25,080.0","25,080.0","25,080.0","","0.00%"
"19/01/2025","25,060.0","25,330.0","25,380.5","25,005.0","","-1.01%"
"12/01/2025","25,315.0","25,375.0","25,433.5","25,318.5","","-0.18%"
"05/01/2025","25,360.0","25,390.0","25,455.0","25,362.5","","-0.16%"
"29/12/2024","25,400.0","25,446.5","25,512.5","25,422.5","","-0.18%"
"22/12/2024","25,445.0","25,440.0","25,465.0","25,415.0","","0.00%"
"15/12/2024","25,445.0","25,390.0","25,469.0","25,346.5","","0.18%"
"08/12/2024","25,400.0","25,373.5","25,410.0","25,346.5","","0.10%"
"01/12/2024","25,375.0","25,367.5","25,415.0","25,340.0","","0.12%"
"24/11/2024","25,344.0","25,415.0","25,427.5","25,327.5","","-0.29%"
"17/11/2024","25,417.0","25,385.0","25,435.0","25,342.5","","0.15%"
"10/11/2024","25,380.0","25,285.0","25,405.0","25,255.0","","0.48%"
"03/11/2024","25,260.0","25,280.0","25,420.0","25,267.5","","-0.08%"
"27/10/2024","25,280.0","25,400.0","25,435.0","25,260.0","","-0.30%"
"20/10/2024","25,355.0","25,165.0","25,455.0","25,165.0","","0.82%"
"13/10/2024","25,150.0","24,817.0","25,275.0","24,805.0","","1.39%"
"06/10/2024","24,805.0","24,855.0","24,870.0","24,805.0","","0.20%"
"29/09/2024","24,755.0","24,580.0","24,772.5","24,545.0","","0.67%"
"22/09/2024","24,590.0","24,620.0","24,660.0","24,533.0","","0.00%"
"15/09/2024","24,590.0","24,545.0","24,687.5","24,528.0","","0.24%"
"08/09/2024","24,530.0","24,635.0","24,705.0","24,520.0","","-0.28%"
"01/09/2024","24,600.0","24,885.0","24,897.5","24,590.0","","-1.05%"
"25/08/2024","24,860.0","24,890.0","24,948.0","24,810.0","","-0.42%"
"18/08/2024","24,965.0","25,069.0","25,069.0","24,902.5","","-0.34%"
"11/08/2024","25,050.0","25,127.5","25,132.5","25,025.0","","-0.16%"
"04/08/2024","25,090.0","25,110.0","25,179.0","25,075.0","","-0.46%"
"28/07/2024","25,205.0","25,315.0","25,335.0","25,190.0","","-0.38%"
"21/07/2024","25,300.0","25,335.0","25,411.5","25,292.0","","-0.06%"
"14/07/2024","25,315.0","25,415.0","25,430.0","25,273.0","","-0.37%"
"07/07/2024","25,410.0","25,410.0","25,452.5","25,405.0","","-0.01%"
"30/06/2024","25,412.0","25,450.0","25,458.5","25,365.0","","-0.13%"
"23/06/2024","25,445.0","25,453.0","25,471.5","25,443.0","","-0.02%"
"16/06/2024","25,450.0","25,457.5","25,460.0","25,414.0","","0.00%"
"09/06/2024","25,450.0","25,420.0","25,457.0","25,410.0","","0.20%"
"02/06/2024","25,400.0","25,440.0","25,455.5","25,404.5","","-0.16%"
"26/05/2024","25,440.0","25,450.0","25,475.0","25,445.0","","-0.10%"
"19/05/2024","25,465.0","25,456.0","25,476.5","25,430.0","","0.07%"
"12/05/2024","25,448.0","25,449.5","25,460.0","25,400.0","","-0.01%"
"05/05/2024","25,450.0","25,390.0","25,464.0","25,360.0","","0.20%"
"28/04/2024","25,400.0","25,360.0","25,423.0","25,320.0","","0.28%"
"21/04/2024","25,330.0","25,445.0","25,464.0","25,312.5","","-0.43%"
"14/04/2024","25,440.0","25,035.0","25,463.0","24,994.5","","1.70%"
"07/04/2024","25,015.0","24,930.0","25,025.0","24,930.0","","0.26%"
"31/03/2024","24,950.0","24,817.5","25,014.0","24,770.0","","0.56%"
"24/03/2024","24,810.0","24,799.0","24,823.5","24,746.5","","0.17%"
"17/03/2024","24,768.0","24,745.0","24,821.5","24,690.0","","0.23%"
"10/03/2024","24,710.0","24,645.0","24,744.0","24,602.5","","0.28%"
"03/03/2024","24,640.0","24,660.0","24,721.5","24,630.0","","0.00%"
"25/02/2024","24,640.0","24,650.0","24,707.5","24,606.0","","0.04%"
"18/02/2024","24,630.0","24,530.0","24,660.0","24,490.0","","0.49%"
"11/02/2024","24,510.0","24,455.0","24,550.0","24,400.0","","0.45%"
"04/02/2024","24,400.0","24,415.0","24,465.0","24,342.5","","0.27%"
"28/01/2024","24,335.0","24,595.0","24,610.0","24,330.0","","-1.06%"
"21/01/2024","24,595.0","24,535.0","24,625.0","24,510.0","","0.22%"
"14/01/2024","24,540.0","24,460.0","24,580.0","24,460.0","","0.20%"
"07/01/2024","24,490.0","24,370.0","24,535.0","24,327.5","","0.49%"
"31/12/2023","24,370.0","24,265.0","24,400.0","24,250.0","","0.45%"
"24/12/2023","24,260.0","24,220.0","24,391.0","24,180.0","","0.10%"
"17/12/2023","24,235.0","24,265.0","24,381.5","24,230.0","","-0.10%"
"10/12/2023","24,260.0","24,210.0","24,284.5","24,180.0","","0.17%"
"03/12/2023","24,220.0","24,280.0","24,305.0","24,225.0","","-0.29%"
"26/11/2023","24,290.0","24,230.0","24,315.0","24,182.0","","0.12%"
"19/11/2023","24,260.0","24,215.0","24,282.0","24,097.0","","0.04%"
"12/11/2023","24,250.0","24,320.0","24,395.5","24,225.0","","-0.27%"
"05/11/2023","24,315.0","24,565.0","24,565.0","24,262.5","","-0.84%"
"29/10/2023","24,520.0","24,570.0","24,593.0","24,535.0","","-0.20%"
"22/10/2023","24,570.0","24,535.0","24,620.0","24,485.0","","0.20%"
"15/10/2023","24,520.0","24,452.5","24,597.5","24,445.0","","0.33%"
"08/10/2023","24,440.0","24,367.5","24,485.0","24,352.5","","0.33%"
"01/10/2023","24,360.0","24,305.0","24,440.0","24,297.5","","0.33%"
"24/09/2023","24,280.0","24,340.0","24,447.5","24,265.0","","-0.33%"
"17/09/2023","24,360.0","24,275.0","24,416.5","24,250.0","","0.45%"
"10/09/2023","24,250.0","24,070.0","24,270.0","24,045.0","","0.81%"
"03/09/2023","24,055.0","24,120.0","24,130.0","23,995.0","","-0.02%"
"27/08/2023","24,060.0","23,995.0","24,200.0","23,970.0","","0.15%"
"20/08/2023","24,024.0","23,795.0","24,040.0","23,747.5","","0.92%"
"13/08/2023","23,805.0","23,770.0","24,007.5","23,727.5","","0.23%"
"06/08/2023","23,750.0","23,710.0","23,760.0","23,676.0","","0.11%"
"30/07/2023","23,725.0","23,682.5","23,775.5","23,664.5","","0.17%"
"23/07/2023","23,685.0","23,665.0","23,728.5","23,645.5","","0.12%"
"16/07/2023","23,656.0","23,645.0","23,697.5","23,625.0","","0.11%"
"09/07/2023","23,630.0","23,630.0","23,715.0","23,603.0","","-0.02%"
"02/07/2023","23,635.0","23,546.5","23,790.0","23,546.5","","0.25%"
"25/06/2023","23,575.0","23,525.0","23,596.5","23,490.0","","0.26%"
"18/06/2023","23,515.0","23,530.5","23,536.0","23,497.5","","-0.02%"
"11/06/2023","23,520.0","23,472.5","23,546.5","23,470.5","","0.21%"
"04/06/2023","23,470.0","23,487.5","23,508.5","23,470.0","","-0.02%"
"28/05/2023","23,475.0","23,482.5","23,497.5","23,455.0","","0.00%"
"21/05/2023","23,475.0","23,455.0","23,510.0","23,438.0","","0.06%"
"14/05/2023","23,460.0","23,464.0","23,546.0","23,411.0","","0.04%"
"07/05/2023","23,450.0","23,450.0","23,475.0","23,444.0","","0.04%"
"30/04/2023","23,440.0","23,452.5","23,457.5","23,444.5","","-0.04%"
"23/04/2023","23,450.0","23,490.0","23,497.0","23,451.0","","-0.15%"
"16/04/2023","23,485.0","23,455.0","23,565.5","23,446.5","","0.19%"
"09/04/2023","23,440.0","23,450.0","23,457.5","23,440.0","","-0.01%"
"02/04/2023","23,442.0","23,465.0","23,520.0","23,444.5","","-0.03%"
"26/03/2023","23,450.0","23,515.0","23,532.5","23,456.0","","-0.26%"
"19/03/2023","23,510.0","23,590.0","23,595.0","23,490.0","","-0.25%"
"12/03/2023","23,570.0","23,675.0","23,675.0","23,537.5","","-0.38%"
"05/03/2023","23,660.0","23,725.0","23,775.0","23,600.0","","-0.21%"
"26/02/2023","23,710.0","23,825.0","23,835.0","23,699.5","","-0.29%"
"19/02/2023","23,780.0","23,830.0","23,870.0","23,690.0","","-0.13%"
"12/02/2023","23,810.0","23,590.0","23,835.0","23,561.0","","1.04%"
"05/02/2023","23,565.0","23,451.0","23,640.0","23,450.5","","0.53%"
"29/01/2023","23,440.0","23,475.0","23,505.0","23,441.5","","-0.09%"
"22/01/2023","23,460.0","23,485.0","23,485.0","23,445.0","","0.09%"
"15/01/2023","23,440.0","23,440.0","23,485.0","23,427.5","","0.02%"
"08/01/2023","23,435.0","23,470.0","23,485.0","23,439.5","","-0.11%"
"01/01/2023","23,460.0","23,575.0","23,590.0","23,460.0","","-0.64%"
"25/12/2022","23,610.0","23,605.0","23,675.0","23,555.0","","0.21%"
"18/12/2022","23,560.0","23,605.0","23,855.0","23,570.0","","-0.08%"
"11/12/2022","23,580.0","23,575.0","23,705.0","23,475.0","","0.13%"
"04/12/2022","23,550.0","24,115.0","24,125.0","23,515.0","","-3.29%"
"27/11/2022","24,350.0","24,780.0","24,826.5","24,362.5","","-1.66%"
"20/11/2022","24,760.0","24,817.5","24,854.5","24,755.0","","-0.16%"
"13/11/2022","24,800.0","24,810.0","24,848.5","24,735.0","","-0.02%"
"06/11/2022","24,805.0","24,864.0","24,874.5","24,800.0","","-0.26%"
"30/10/2022","24,870.0","24,830.0","24,883.0","24,822.5","","0.20%"
"23/10/2022","24,820.0","24,855.0","24,872.5","24,805.0","","0.00%"
"16/10/2022","24,820.0","24,135.0","24,845.0","24,135.0","","2.94%"
"09/10/2022","24,110.0","23,890.0","24,183.5","23,877.5","","0.98%"
"02/10/2022","23,875.0","23,835.0","23,913.5","23,825.0","","0.08%"
"25/09/2022","23,855.0","23,740.0","23,887.5","23,707.5","","0.65%"
"18/09/2022","23,700.0","23,660.0","23,715.0","23,645.0","","0.21%"
"11/09/2022","23,650.0","23,522.5","23,672.5","23,511.0","","0.57%"
"04/09/2022","23,515.0","23,470.0","23,647.5","23,445.0","","0.28%"
"28/08/2022","23,450.0","23,420.0","23,467.5","23,397.0","","0.16%"
"21/08/2022","23,412.0","23,405.0","23,489.0","23,401.0","","0.05%"
"14/08/2022","23,400.0","23,400.0","23,413.5","23,385.0","","0.03%"
"07/08/2022","23,392.0","23,395.0","23,404.5","23,380.0","","0.03%"
"31/07/2022","23,385.0","23,345.0","23,416.5","23,341.0","","0.21%"
"24/07/2022","23,335.0","23,395.0","23,409.5","23,340.0","","-0.28%"
"17/07/2022","23,400.0","23,435.0","23,460.0","23,382.5","","-0.21%"
"10/07/2022","23,450.0","23,355.0","23,455.0","23,330.0","","0.41%"
"03/07/2022","23,355.0","23,345.0","23,388.0","23,317.5","","0.24%"
"26/06/2022","23,300.0","23,245.0","23,320.0","23,204.0","","0.23%"
"19/06/2022","23,247.0","23,193.0","23,259.0","23,193.0","","0.12%"
"12/06/2022","23,220.0","23,188.0","23,250.0","23,170.0","","0.19%"
"05/06/2022","23,177.0","23,190.0","23,208.5","23,160.0","","-0.04%"
"29/05/2022","23,187.0","23,187.0","23,213.5","23,178.5","","-0.03%"
"22/05/2022","23,195.0","23,167.0","23,225.0","23,129.0","","0.15%"
"15/05/2022","23,160.0","23,097.5","23,200.5","23,078.0","","0.32%"
"08/05/2022","23,086.0","22,960.0","23,105.0","22,937.0","","0.57%"
"01/05/2022","22,955.0","22,964.5","22,976.5","22,947.0","","-0.03%"
"24/04/2022","22,962.0","22,971.5","22,986.5","22,948.5","","-0.01%"
"17/04/2022","22,965.0","22,902.5","22,986.5","22,892.5","","0.29%"
"10/04/2022","22,899.0","22,874.5","22,947.5","22,842.5","","0.17%"
"03/04/2022","22,860.0","22,850.0","22,878.5","22,835.5","","0.10%"
"27/03/2022","22,837.0","22,872.0","22,879.0","22,832.0","","-0.10%"
"20/03/2022","22,861.0","22,865.0","22,894.5","22,842.5","","0.00%"
"13/03/2022","22,860.0","22,850.0","22,902.5","22,836.5","","-0.06%"
"06/03/2022","22,873.0","22,845.0","22,920.0","22,834.0","","0.19%"
"27/02/2022","22,830.0","22,842.5","22,874.5","22,805.0","","0.04%"
"20/02/2022","22,820.0","22,835.0","22,845.0","22,800.0","","0.00%"
"13/02/2022","22,820.0","22,695.0","22,905.0","22,695.0","","0.60%"
"06/02/2022","22,685.0","22,652.5","22,750.0","22,640.0","","0.15%"
"30/01/2022","22,650.0","22,650.0","22,650.0","22,650.0","","0.02%"
"23/01/2022","22,645.0","22,630.0","22,705.0","22,625.0","","0.09%"
"16/01/2022","22,625.0","22,720.0","22,815.0","22,617.5","","-0.37%"
"09/01/2022","22,710.0","22,752.5","22,760.0","22,675.0","","0.11%"
"02/01/2022","22,685.0","22,770.0","22,821.0","22,685.0","","-0.61%"
"26/12/2021","22,825.0","22,835.0","22,890.0","22,747.5","","-0.07%"
"19/12/2021","22,840.0","22,930.0","22,990.0","22,850.0","","-0.61%"
"12/12/2021","22,980.0","23,051.5","23,075.0","22,910.0","","-0.20%"
"05/12/2021","23,025.0","22,855.0","23,130.0","22,825.0","","0.85%"
"28/11/2021","22,830.0","22,675.0","22,857.5","22,670.0","","0.67%"
"21/11/2021","22,678.0","22,667.5","22,695.0","22,643.5","","0.09%"
"14/11/2021","22,657.0","22,650.0","22,665.5","22,644.5","","0.08%"
"07/11/2021","22,640.0","22,672.5","22,685.0","22,637.0","","-0.18%"
"31/10/2021","22,680.0","22,753.0","22,758.5","22,676.0","","-0.31%"
"24/10/2021","22,750.0","22,755.0","22,764.5","22,745.5","","-0.02%"
"17/10/2021","22,754.0","22,792.5","22,794.0","22,748.5","","-0.02%"
"10/10/2021","22,758.0","22,759.5","22,766.0","22,750.0","","0.00%"
"03/10/2021","22,757.0","22,758.0","22,805.0","22,753.0","","0.00%"
"26/09/2021","22,757.0","22,763.0","22,785.0","22,753.0","","-0.01%"
"19/09/2021","22,760.0","22,775.0","22,782.0","22,755.5","","-0.04%"
"12/09/2021","22,770.0","22,766.0","22,772.5","22,753.0","","0.06%"
"05/09/2021","22,757.0","22,772.5","22,790.0","22,751.0","","-0.01%"
"29/08/2021","22,760.0","22,800.0","22,800.5","22,763.0","","-0.13%"
"22/08/2021","22,789.0","22,825.0","22,833.5","22,777.5","","-0.14%"
"15/08/2021","22,820.0","22,817.5","22,846.0","22,798.0","","-0.04%"
"08/08/2021","22,830.0","22,930.0","22,966.0","22,785.0","","-0.42%"
"01/08/2021","22,927.0","22,955.0","22,989.0","22,921.5","","-0.10%"
"25/07/2021","22,950.0","23,007.0","23,022.5","22,952.5","","-0.24%"
"18/07/2021","23,005.0","23,012.5","23,029.5","23,004.5","","-0.03%"
"11/07/2021","23,011.0","23,004.5","23,029.0","23,000.0","","0.05%"
"04/07/2021","23,000.0","22,994.5","23,032.0","22,989.5","","0.01%"
"27/06/2021","22,998.0","23,025.0","23,030.0","22,999.5","","-0.10%"
"20/06/2021","23,020.0","22,947.5","23,055.0","22,947.5","","0.11%"
"13/06/2021","22,995.0","22,947.5","23,015.0","22,941.0","","0.22%"
"06/06/2021","22,945.0","23,051.5","23,055.0","22,940.5","","-0.43%"
"30/05/2021","23,044.0","23,047.5","23,065.0","23,041.5","","0.00%"
"23/05/2021","23,045.0","23,054.5","23,065.0","23,043.0","","-0.04%"
"16/05/2021","23,054.0","23,052.0","23,057.5","23,039.0","","0.03%"
"09/05/2021","23,048.0","23,059.5","23,070.5","23,044.5","","-0.05%"
"02/05/2021","23,060.0","23,064.0","23,071.5","23,047.5","","0.03%"
"25/04/2021","23,054.0","23,050.5","23,075.0","23,036.5","","-0.07%"
"18/04/2021","23,070.0","23,073.5","23,080.0","23,057.5","","0.01%"
"11/04/2021","23,067.0","23,063.5","23,081.5","23,058.5","","0.01%"
"04/04/2021","23,065.0","23,079.5","23,096.0","23,064.0","","-0.03%"
"28/03/2021","23,073.0","23,090.0","23,092.5","23,067.5","","-0.05%"
"21/03/2021","23,084.0","23,065.0","23,095.0","23,060.0","","0.05%"
"14/03/2021","23,073.0","23,077.0","23,083.5","23,050.5","","0.08%"
"07/03/2021","23,055.0","23,036.5","23,062.5","23,020.5","","0.10%"
"28/02/2021","23,033.0","23,015.0","23,042.5","23,015.0","","0.08%"
"21/02/2021","23,015.0","23,023.5","23,030.0","23,007.5","","-0.01%"
"14/02/2021","23,018.0","22,987.5","23,060.0","22,987.5","","0.03%"
"07/02/2021","23,010.0","22,977.0","23,040.0","22,952.5","","0.04%"
"31/01/2021","23,000.0","23,037.5","23,065.5","22,997.0","","-0.21%"
"24/01/2021","23,048.0","23,070.0","23,077.5","23,042.5","","-0.10%"
"17/01/2021","23,070.0","23,100.0","23,100.0","23,041.0","","0.02%"
"10/01/2021","23,065.0","23,070.0","23,080.0","23,057.0","","0.00%"
"03/01/2021","23,066.0","23,100.0","23,130.0","23,063.5","","-0.02%"
"27/12/2020","23,070.0","23,125.0","23,149.5","23,075.0","","-0.26%"
"20/12/2020","23,130.0","23,125.0","23,154.5","23,122.5","","0.03%"
"13/12/2020","23,124.0","23,178.5","23,178.5","23,119.5","","-0.02%"
"06/12/2020","23,128.0","23,130.0","23,178.5","23,126.5","","-0.01%"
"29/11/2020","23,130.0","23,178.5","23,178.5","23,119.5","","-0.13%"
"22/11/2020","23,160.0","23,169.0","23,186.0","23,151.0","","-0.07%"
"15/11/2020","23,176.0","23,176.0","23,186.0","23,162.5","","0.00%"
"08/11/2020","23,175.0","23,175.0","23,185.0","23,172.5","","0.00%"
"01/11/2020","23,176.0","23,178.5","23,188.0","23,172.0","","-0.02%"
"25/10/2020","23,180.0","23,178.5","23,186.0","23,172.5","","0.02%"
"18/10/2020","23,176.0","23,181.0","23,185.0","23,173.0","","0.00%"
"11/10/2020","23,175.0","23,183.5","23,207.5","23,173.0","","-0.02%"
"04/10/2020","23,180.0","23,185.5","23,209.5","23,173.0","","-0.05%"
"27/09/2020","23,191.0","23,192.5","23,197.0","23,172.5","","0.00%"
"20/09/2020","23,191.0","23,180.0","23,197.5","23,173.0","","0.09%"
"13/09/2020","23,170.0","23,182.0","23,185.5","23,172.5","","-0.02%"
"06/09/2020","23,174.0","23,180.0","23,187.5","23,172.5","","-0.02%"
"30/08/2020","23,178.0","23,175.0","23,184.0","23,171.0","","0.02%"
"23/08/2020","23,174.0","23,187.5","23,187.5","23,171.0","","0.00%"
"16/08/2020","23,175.0","23,187.5","23,187.5","23,170.0","","0.00%"
"09/08/2020","23,174.0","23,175.0","23,200.0","23,172.5","","0.00%"
"02/08/2020","23,173.0","23,180.0","23,183.0","23,169.0","","0.01%"
"26/07/2020","23,170.0","23,187.5","23,200.0","23,173.0","","-0.02%"
"19/07/2020","23,175.0","23,190.0","23,195.5","23,173.0","","-0.07%"
"12/07/2020","23,191.0","23,193.5","23,235.5","23,175.0","","0.06%"
"05/07/2020","23,177.0","23,201.5","23,212.5","23,173.0","","-0.09%"
"28/06/2020","23,199.0","23,211.0","23,217.0","23,195.0","","-0.05%"
"21/06/2020","23,210.0","23,212.5","23,223.0","23,200.0","","-0.02%"
"14/06/2020","23,215.0","23,222.5","23,243.0","23,191.5","","0.04%"
"07/06/2020","23,206.0","23,257.5","23,267.0","23,186.5","","-0.21%"
"31/05/2020","23,255.0","23,281.5","23,301.0","23,247.5","","-0.11%"
"24/05/2020","23,280.0","23,277.5","23,338.0","23,272.5","","0.06%"
"17/05/2020","23,267.0","23,349.0","23,375.0","23,252.5","","-0.38%"
"10/05/2020","23,355.0","23,382.5","23,405.0","23,318.0","","-0.09%"
"03/05/2020","23,377.0","23,475.0","23,475.0","23,373.5","","-0.22%"
"26/04/2020","23,428.0","23,497.5","23,510.0","23,423.5","","-0.33%"
"19/04/2020","23,505.0","23,422.5","23,524.0","23,422.5","","0.35%"
"12/04/2020","23,424.0","23,437.5","23,478.5","23,415.0","","-0.05%"
"05/04/2020","23,435.0","23,555.0","23,565.0","23,420.0","","-0.49%"
"29/03/2020","23,550.0","23,627.5","23,642.5","23,481.0","","-0.30%"
"22/03/2020","23,620.0","23,460.0","23,651.0","23,460.0","","0.70%"
"15/03/2020","23,455.0","23,220.0","23,472.5","23,214.5","","1.06%"
"08/03/2020","23,208.0","23,207.5","23,223.5","23,171.5","","0.01%"
"01/03/2020","23,205.0","23,239.0","23,243.5","23,198.5","","-0.15%"
"23/02/2020","23,240.0","23,246.0","23,290.0","23,222.5","","-0.01%"
"16/02/2020","23,242.0","23,250.5","23,289.5","23,224.5","","-0.01%"
"09/02/2020","23,245.0","23,255.0","23,262.5","23,212.0","","0.06%"
"02/02/2020","23,230.0","23,255.0","23,278.0","23,217.0","","0.03%"
"26/01/2020","23,222.0","23,180.0","23,228.0","23,168.0","","0.23%"
"19/01/2020","23,169.0","23,170.0","23,204.5","23,167.5","","0.00%"
"12/01/2020","23,170.0","23,174.0","23,177.5","23,164.0","","-0.03%"
"05/01/2020","23,176.0","23,177.0","23,205.0","23,171.5","","0.02%"
"29/12/2019","23,171.0","23,170.5","23,176.5","23,168.5","","0.00%"
"22/12/2019","23,171.0","23,171.0","23,179.0","23,169.0","","-0.02%"
"15/12/2019","23,175.0","23,171.0","23,195.0","23,168.5","","0.01%"
"08/12/2019","23,173.0","23,171.0","23,199.5","23,167.5","","-0.01%"
"01/12/2019","23,175.0","23,165.0","23,210.0","23,164.0","","-0.02%"
"24/11/2019","23,179.0","23,197.5","23,207.5","23,180.0","","-0.07%"
"17/11/2019","23,195.0","23,202.0","23,208.5","23,192.5","","-0.04%"
"10/11/2019","23,204.0","23,202.0","23,206.0","23,198.0","","0.03%"
"03/11/2019","23,198.0","23,202.0","23,202.5","23,197.5","","-0.01%"
"27/10/2019","23,200.0","23,201.0","23,206.0","23,198.5","","0.00%"
"20/10/2019","23,200.0","23,202.5","23,210.0","23,198.5","","-0.01%"
"13/10/2019","23,203.0","23,201.5","23,211.5","23,199.0","","0.01%"
"06/10/2019","23,200.0","23,201.0","23,225.0","23,189.0","","0.00%"
"29/09/2019","23,200.0","23,201.0","23,204.0","23,200.0","","0.00%"
"22/09/2019","23,200.0","23,208.0","23,208.0","23,198.0","","-0.01%"
"15/09/2019","23,203.0","23,214.0","23,227.0","23,200.0","","-0.01%"
"08/09/2019","23,205.0","23,194.0","23,218.0","23,194.0","","0.03%"
"01/09/2019","23,198.0","23,185.0","23,204.0","23,185.0","","0.06%"
"25/08/2019","23,185.0","23,215.0","23,215.0","23,182.0","","-0.06%"
"18/08/2019","23,198.0","23,214.0","23,214.0","23,194.0","","-0.06%"
"11/08/2019","23,211.0","23,200.0","23,215.0","23,195.0","","0.03%"
"04/08/2019","23,204.0","23,229.0","23,285.0","23,197.0","","-0.05%"
"28/07/2019","23,215.0","23,210.0","23,232.0","23,197.0","","0.04%"
"21/07/2019","23,205.0","23,214.0","23,242.0","23,200.0","","-0.17%"
"14/07/2019","23,244.0","23,197.0","23,246.0","23,180.0","","0.19%"
"07/07/2019","23,200.0","23,239.0","23,250.0","23,190.0","","-0.15%"
"30/06/2019","23,235.0","23,315.0","23,315.0","23,214.0","","-0.28%"
"23/06/2019","23,300.0","23,290.0","23,330.0","23,275.0","","0.09%"
"16/06/2019","23,280.0","23,323.0","23,350.0","23,280.0","","-0.21%"
"09/06/2019","23,330.0","23,392.0","23,418.0","23,309.0","","-0.28%"
"02/06/2019","23,395.0","23,414.0","23,418.0","23,386.0","","-0.06%"
"26/05/2019","23,410.0","23,395.0","23,420.0","23,380.0","","0.13%"
"19/05/2019","23,380.0","23,400.0","23,425.0","23,370.0","","-0.03%"
"12/05/2019","23,388.0","23,300.0","23,400.0","23,275.0","","0.18%"
"05/05/2019","23,345.0","23,265.0","23,410.0","23,265.0","","0.41%"
"28/04/2019","23,249.0","23,265.0","23,270.0","23,251.5","","-0.15%"
"21/04/2019","23,285.0","23,206.0","23,291.0","23,206.0","","0.32%"
"14/04/2019","23,210.0","23,199.5","23,213.0","23,196.0","","0.05%"
"07/04/2019","23,199.0","23,197.0","23,203.0","23,195.0","","0.00%"
"31/03/2019","23,199.0","23,197.0","23,206.0","23,187.0","","-0.02%"
"24/03/2019","23,203.0","23,201.0","23,204.0","23,195.5","","0.02%"
"17/03/2019","23,199.0","23,201.0","23,221.0","23,177.0","","0.00%"
"10/03/2019","23,198.0","23,196.0","23,206.5","23,196.0","","0.00%"
"03/03/2019","23,199.0","23,199.0","23,203.0","23,196.0","","-0.01%"
"24/02/2019","23,202.0","23,223.0","23,223.5","23,170.0","","-0.03%"
"17/02/2019","23,209.0","23,199.5","23,257.0","23,170.5","","0.03%"
"10/02/2019","23,201.0","23,200.0","23,220.0","23,193.5","","-0.03%"
"03/02/2019","23,207.5","23,207.5","23,207.5","23,207.5","","0.03%"
"27/01/2019","23,200.0","23,191.0","23,220.0","23,171.0","","0.03%"
"20/01/2019","23,192.0","23,197.0","23,202.5","23,190.0","","-0.02%"
"13/01/2019","23,197.0","23,197.0","23,204.0","23,196.0","","0.00%"
"06/01/2019","23,198.0","23,198.5","23,204.0","23,192.5","","0.00%"
"30/12/2018","23,198.0","23,193.5","23,210.0","23,192.5","","0.03%"
"23/12/2018","23,190.0","23,281.0","23,290.0","23,185.0","","-0.40%"
"16/12/2018","23,282.0","23,285.0","23,341.5","23,278.0","","-0.02%"
"09/12/2018","23,287.0","23,317.0","23,347.5","23,281.5","","-0.10%"
"02/12/2018","23,310.0","23,313.5","23,351.0","23,284.0","","-0.02%"
"25/11/2018","23,315.0","23,346.0","23,360.0","23,312.5","","-0.19%"
"18/11/2018","23,360.0","23,311.5","23,362.5","23,304.5","","0.23%"
"11/11/2018","23,306.0","23,314.0","23,347.5","23,280.0","","0.07%"
"04/11/2018","23,290.0","23,325.5","23,333.0","23,295.0","","-0.17%"
"28/10/2018","23,330.0","23,350.0","23,353.0","23,317.5","","-0.11%"
"21/10/2018","23,355.0","23,351.5","23,357.0","23,345.0","","0.02%"
"14/10/2018","23,351.0","23,353.0","23,353.5","23,311.5","","0.03%"
"07/10/2018","23,343.0","23,347.5","23,358.5","23,311.5","","0.06%"
"30/09/2018","23,330.0","23,324.0","23,352.5","23,311.5","","0.02%"
"23/09/2018","23,325.0","23,337.5","23,350.5","23,322.5","","-0.03%"
"16/09/2018","23,332.0","23,247.5","23,341.5","23,247.5","","0.37%"
"09/09/2018","23,247.0","23,310.5","23,312.5","23,238.5","","-0.24%"
"02/09/2018","23,302.0","23,302.5","23,332.5","23,284.0","","0.00%"
"26/08/2018","23,303.0","23,305.0","23,312.5","23,270.0","","0.01%"
"19/08/2018","23,300.0","23,274.0","23,320.0","23,246.5","","0.03%"
"12/08/2018","23,293.0","23,315.0","23,320.5","23,286.5","","0.08%"
"05/08/2018","23,275.0","23,310.5","23,312.5","23,271.0","","-0.12%"
"29/07/2018","23,304.0","23,259.5","23,307.5","23,250.0","","0.32%"
"22/07/2018","23,230.0","23,205.0","23,255.0","23,175.0","","0.77%"
"15/07/2018","23,053.0","23,050.0","23,057.5","23,046.5","","0.01%"
"08/07/2018","23,050.0","23,040.5","23,051.0","23,038.5","","0.07%"
"01/07/2018","23,035.0","22,965.0","23,046.0","22,954.5","","0.34%"
"24/06/2018","22,956.0","22,892.5","22,967.5","22,887.5","","0.28%"
"17/06/2018","22,891.0","22,816.5","22,896.5","22,816.5","","0.33%"
"10/06/2018","22,815.0","22,815.5","22,819.5","22,805.5","","0.11%"
"03/06/2018","22,790.0","22,792.0","22,829.5","22,792.0","","-0.03%"
"27/05/2018","22,796.0","22,812.0","22,875.5","22,770.0","","0.12%"
"20/05/2018","22,769.0","22,767.0","22,783.0","22,765.0","","-0.07%"
"13/05/2018","22,785.0","22,767.0","22,786.0","22,766.0","","0.07%"
"06/05/2018","22,769.0","22,762.5","22,790.5","22,762.5","","0.01%"
"29/04/2018","22,767.0","22,763.5","22,772.0","22,760.0","","0.02%"
"22/04/2018","22,763.0","22,771.0","22,773.0","22,760.5","","-0.04%"
"15/04/2018","22,771.0","22,786.5","22,788.0","22,767.0","","-0.06%"
"08/04/2018","22,784.0","22,789.5","22,812.5","22,783.5","","-0.07%"
"01/04/2018","22,800.0","22,788.5","22,817.5","22,782.0","","0.03%"
"25/03/2018","22,793.0","22,797.5","22,822.0","22,787.5","","-0.04%"
"18/03/2018","22,802.0","22,766.0","22,803.5","22,763.5","","0.17%"
"11/03/2018","22,764.0","22,761.5","22,772.0","22,755.0","","0.02%"
"04/03/2018","22,760.0","22,764.0","22,773.0","22,755.5","","0.00%"
"25/02/2018","22,760.0","22,740.5","22,764.5","22,736.5","","0.09%"
"18/02/2018","22,740.0","22,698.0","22,742.5","22,692.5","","0.20%"
"11/02/2018","22,695.0","22,692.0","22,720.0","22,689.5","","0.02%"
"04/02/2018","22,690.0","22,709.5","22,729.0","22,683.5","","-0.08%"
"28/01/2018","22,709.0","22,709.4","22,715.5","22,702.5","","0.00%"
"21/01/2018","22,710.0","22,709.0","22,718.0","22,702.5","","0.04%"
"14/01/2018","22,700.0","22,708.5","22,729.0","22,704.4","","-0.04%"
"07/01/2018","22,708.0","22,709.0","22,718.5","22,702.0","","0.00%"
"31/12/2017","22,709.0","22,709.5","22,718.5","22,704.5","","0.04%"
"24/12/2017","22,700.0","22,710.5","22,716.0","22,697.5","","0.00%"
"17/12/2017","22,701.0","22,717.5","22,721.5","22,706.0","","0.00%"
"10/12/2017","22,700.0","22,711.5","22,729.0","22,705.5","","-0.04%"
"03/12/2017","22,710.0","22,715.5","22,727.5","22,705.5","","0.04%"
"26/11/2017","22,700.0","22,725.5","22,729.0","22,707.5","","-0.07%"
"19/11/2017","22,715.0","22,729.0","22,732.0","22,705.0","","0.01%"
"12/11/2017","22,712.0","22,713.5","22,717.0","22,698.0","","0.05%"
"05/11/2017","22,701.0","22,713.0","22,720.0","22,703.5","","0.00%"
"29/10/2017","22,700.0","22,716.5","22,725.5","22,706.0","","0.00%"
"22/10/2017","22,700.0","22,718.0","22,735.0","22,708.5","","-0.08%"
"15/10/2017","22,718.0","22,719.0","22,727.5","22,708.5","","0.04%"
"08/10/2017","22,710.0","22,728.5","22,734.0","22,713.0","","-0.02%"
"01/10/2017","22,715.0","22,726.0","22,737.0","22,720.5","","-0.02%"
"24/09/2017","22,720.0","22,736.0","22,740.5","22,720.5","","0.02%"
"17/09/2017","22,715.0","22,725.0","22,739.5","22,720.5","","0.00%"
"10/09/2017","22,715.0","22,725.5","22,734.5","22,718.0","","-0.04%"
"03/09/2017","22,725.0","22,728.0","22,733.0","22,723.0","","0.00%"
"27/08/2017","22,725.0","22,732.5","22,741.0","22,722.5","","-0.03%"
"20/08/2017","22,732.0","22,728.0","22,741.5","22,724.0","","0.02%"
"13/08/2017","22,728.0","22,731.0","22,732.5","22,725.5","","0.00%"
"06/08/2017","22,727.0","22,735.0","22,740.0","22,726.5","","-0.04%"
"30/07/2017","22,735.0","22,741.0","22,746.0","22,700.0","","0.03%"
"23/07/2017","22,728.5","22,700.5","22,735.5","22,700.5","","0.02%"
"16/07/2017","22,725.0","22,750.0","22,760.0","22,715.0","","0.00%"
"09/07/2017","22,725.0","22,762.0","22,777.0","22,710.0","","0.00%"
"02/07/2017","22,725.0","22,720.0","22,764.0","22,719.0","","0.00%"
"25/06/2017","22,725.0","22,715.0","22,770.0","22,714.0","","0.00%"
"18/06/2017","22,725.0","22,685.0","22,741.0","22,665.0","","0.15%"
"11/06/2017","22,690.0","22,655.0","22,715.0","22,655.0","","0.01%"
"04/06/2017","22,687.5","22,712.5","22,733.5","22,662.5","","-0.12%"
"28/05/2017","22,715.0","22,740.0","22,781.0","22,675.0","","-0.04%"
"21/05/2017","22,725.0","22,745.0","22,775.0","22,650.0","","0.33%"
"14/05/2017","22,650.0","22,740.0","22,770.0","22,650.0","","-0.18%"
"07/05/2017","22,691.0","22,741.0","22,741.0","22,655.0","","-0.18%"
"30/04/2017","22,732.5","22,722.5","22,750.5","22,699.5","","-0.05%"
"23/04/2017","22,743.5","22,718.5","22,763.5","22,669.5","","0.09%"
"16/04/2017","22,722.5","22,732.5","22,847.5","22,722.5","","-0.29%"
"09/04/2017","22,787.5","22,704.5","22,787.5","22,627.5","","0.47%"
"02/04/2017","22,680.0","22,835.0","22,859.0","22,675.0","","-0.33%"
"26/03/2017","22,755.0","22,778.0","22,790.0","22,725.0","","-0.14%"
"19/03/2017","22,787.5","22,792.5","22,822.5","22,732.5","","0.02%"
"12/03/2017","22,783.5","22,761.5","22,833.5","22,721.5","","-0.07%"
"05/03/2017","22,800.0","22,878.0","22,880.0","22,752.0","","-0.19%"
"26/02/2017","22,842.5","22,792.5","22,842.5","22,722.5","","0.12%"
"19/02/2017","22,816.0","22,761.0","22,846.0","22,751.0","","0.09%"
"12/02/2017","22,795.0","22,655.0","22,820.0","22,580.0","","0.66%"
"05/02/2017","22,645.0","22,625.0","22,685.0","22,550.0","","0.09%"
"29/01/2017","22,625.0","22,580.0","22,650.0","22,560.0","","0.14%"
"22/01/2017","22,592.5","22,567.5","22,597.5","22,522.5","","0.10%"
"15/01/2017","22,571.0","22,521.0","22,574.0","22,521.0","","0.00%"
"08/01/2017","22,570.0","22,544.0","22,610.0","22,510.0","","0.03%"
"01/01/2017","22,562.5","22,752.5","22,772.5","22,532.5","","-0.92%"
"25/12/2016","22,771.0","22,760.0","22,779.0","22,701.0","","0.05%"
"18/12/2016","22,759.5","22,762.5","22,772.5","22,714.5","","0.04%"
"11/12/2016","22,750.0","22,615.0","22,760.0","22,595.0","","0.70%"
"04/12/2016","22,592.5","22,707.5","22,737.5","22,557.5","","-0.45%"
"27/11/2016","22,695.0","22,750.0","22,775.0","22,655.0","","-0.24%"
"20/11/2016","22,748.5","22,563.5","22,788.5","22,501.5","","1.15%"
"13/11/2016","22,490.0","22,334.0","22,604.0","22,302.0","","0.72%"
"06/11/2016","22,330.0","22,315.0","22,346.0","22,278.0","","0.06%"
"30/10/2016","22,316.5","22,369.5","22,376.5","22,316.5","","-0.01%"
"23/10/2016","22,318.5","22,315.5","22,371.5","22,300.5","","0.02%"
"16/10/2016","22,314.0","22,316.0","22,361.0","22,294.0","","0.06%"
"09/10/2016","22,301.5","22,348.5","22,352.5","22,293.5","","0.02%"
"02/10/2016","22,296.0","22,347.0","22,350.0","22,296.0","","0.00%"
"25/09/2016","22,295.5","22,334.5","22,334.5","22,274.5","","-0.03%"
"18/09/2016","22,301.5","22,313.5","22,344.5","22,272.5","","-0.08%"
"11/09/2016","22,319.0","22,332.0","22,342.0","22,257.0","","0.08%"
"04/09/2016","22,300.5","22,328.5","22,328.5","22,271.5","","0.08%"
"28/08/2016","22,283.5","22,332.5","22,342.5","22,280.5","","-0.16%"
"21/08/2016","22,320.0","22,307.0","22,343.0","22,263.0","","0.12%"
"14/08/2016","22,293.5","22,344.5","22,347.0","22,293.5","","-0.03%"
"07/08/2016","22,301.0","22,304.0","22,304.0","22,237.0","","-0.01%"
"31/07/2016","22,302.5","22,267.5","22,309.5","22,219.5","","0.01%"
"24/07/2016","22,299.5","22,330.5","22,331.5","22,296.5","","0.02%"
"17/07/2016","22,295.0","22,308.0","22,318.0","22,261.0","","-0.09%"
"10/07/2016","22,314.0","22,334.0","22,358.0","22,274.0","","0.11%"
"03/07/2016","22,290.5","22,320.5","22,321.5","22,290.5","","-0.14%"
"26/06/2016","22,322.5","22,342.5","22,389.5","22,299.5","","-0.04%"
"19/06/2016","22,331.0","22,342.0","22,413.0","22,300.0","","-0.33%"
"12/06/2016","22,404.0","22,402.0","22,470.0","22,344.0","","0.31%"
"05/06/2016","22,335.0","22,380.0","22,480.0","22,303.0","","-0.44%"
"29/05/2016","22,434.0","22,446.0","22,511.0","22,406.0","","0.23%"
"22/05/2016","22,383.0","22,329.0","22,405.0","22,289.0","","0.29%"
"15/05/2016","22,317.5","22,317.5","22,332.5","22,236.5","","0.00%"
"08/05/2016","22,317.5","22,292.5","22,325.5","22,248.5","","0.20%"
"01/05/2016","22,272.5","22,316.5","22,325.5","22,253.5","","-0.07%"
"24/04/2016","22,288.0","22,334.0","22,347.0","22,288.0","","0.04%"
"17/04/2016","22,279.0","22,295.0","22,322.0","22,273.0","","-0.27%"
"10/04/2016","22,339.0","22,347.0","22,383.0","22,285.0","","0.20%"
"03/04/2016","22,294.5","22,265.5","22,310.5","22,265.5","","-0.15%"
"27/03/2016","22,329.0","22,358.0","22,402.0","22,285.0","","0.12%"
"20/03/2016","22,302.5","22,293.5","22,377.5","22,252.5","","0.00%"
"13/03/2016","22,303.0","22,322.0","22,329.0","22,252.0","","0.10%"
"06/03/2016","22,281.5","22,331.5","22,403.5","22,262.5","","0.02%"
"28/02/2016","22,277.5","22,432.5","22,432.5","22,277.5","","-0.18%"
"21/02/2016","22,317.5","22,381.5","22,408.5","22,238.5","","-0.14%"
"14/02/2016","22,348.5","22,330.5","22,418.5","22,303.5","","0.18%"
"07/02/2016","22,308.0","22,298.0","22,330.0","22,254.0","","0.10%"
"31/01/2016","22,286.0","22,245.0","22,365.0","22,245.0","","0.20%"
"24/01/2016","22,241.0","22,472.0","22,516.0","22,214.0","","-0.95%"
"17/01/2016","22,455.0","22,492.0","22,499.0","22,399.0","","0.17%"
"10/01/2016","22,416.5","22,475.5","22,501.5","22,371.5","","-0.22%"
"03/01/2016","22,465.0","22,524.0","22,544.0","22,445.0","","-0.09%"
"27/12/2015","22,485.0","22,480.0","22,550.0","22,411.0","","-0.26%"
"20/12/2015","22,543.5","22,543.5","22,549.5","22,438.5","","0.09%"
"13/12/2015","22,523.5","22,510.5","22,587.5","22,510.5","","0.10%"
"06/12/2015","22,500.0","22,487.0","22,500.0","22,445.0","","0.09%"
"29/11/2015","22,480.0","22,497.0","22,513.0","22,460.0","","-0.02%"
"22/11/2015","22,485.0","22,426.0","22,525.0","22,426.0","","0.06%"
"15/11/2015","22,472.5","22,423.5","22,481.5","22,422.5","","0.25%"
"08/11/2015","22,417.5","22,341.5","22,422.5","22,341.5","","0.24%"
"01/11/2015","22,364.0","22,323.0","22,364.0","22,288.0","","0.13%"
"25/10/2015","22,335.5","22,339.5","22,410.5","22,306.5","","-0.27%"
"18/10/2015","22,395.0","22,286.0","22,399.0","22,271.0","","0.51%"
"11/10/2015","22,281.0","22,145.0","22,455.0","22,145.0","","0.19%"
"04/10/2015","22,238.5","22,522.5","22,527.5","22,145.5","","-1.06%"
"27/09/2015","22,477.5","22,496.5","22,502.5","22,447.5","","-0.18%"
"20/09/2015","22,519.0","22,521.0","22,542.0","22,488.0","","0.04%"
"13/09/2015","22,509.5","22,527.5","22,583.5","22,470.5","","-0.16%"
"06/09/2015","22,544.5","22,481.5","22,550.5","22,464.5","","0.32%"
"30/08/2015","22,472.5","22,469.5","22,497.5","22,442.5","","0.04%"
"23/08/2015","22,462.5","22,472.5","22,548.5","22,442.5","","-0.25%"
"16/08/2015","22,518.5","22,115.5","22,520.5","22,110.5","","1.88%"
"09/08/2015","22,103.0","21,821.0","22,111.0","21,808.0","","1.32%"
"02/08/2015","21,815.0","21,824.0","21,829.0","21,779.0","","-0.01%"
"26/07/2015","21,818.0","21,819.0","21,825.0","21,790.0","","-0.03%"
"19/07/2015","21,825.0","21,832.0","21,838.0","21,823.0","","0.03%"
"12/07/2015","21,818.0","21,819.0","21,826.0","21,794.0","","0.04%"
"05/07/2015","21,810.0","21,837.0","21,843.0","21,737.0","","0.02%"
"28/06/2015","21,805.0","21,840.0","21,844.0","21,775.0","","-0.15%"
"21/06/2015","21,838.5","21,803.5","21,849.5","21,758.5","","0.15%"
"14/06/2015","21,805.0","21,765.0","21,830.0","21,755.0","","0.02%"
"07/06/2015","21,800.0","21,820.0","21,857.0","21,750.0","","-0.06%"
"31/05/2015","21,812.5","21,807.5","21,844.5","21,727.5","","-0.01%"
"24/05/2015","21,815.0","21,810.0","21,860.0","21,730.0","","0.05%"
"17/05/2015","21,805.0","21,675.0","21,850.0","21,675.0","","0.18%"
"10/05/2015","21,765.0","21,630.0","21,810.0","21,630.0","","0.39%"
"03/05/2015","21,680.0","21,580.0","21,725.0","21,550.0","","0.42%"
"26/04/2015","21,590.0","21,635.0","21,635.0","21,590.0","","-0.02%"
"19/04/2015","21,595.0","21,590.0","21,630.0","21,530.0","","0.02%"
"12/04/2015","21,590.0","21,600.0","21,640.0","21,530.0","","-0.07%"
"05/04/2015","21,605.0","21,585.0","21,645.0","21,495.0","","0.05%"
"29/03/2015","21,595.0","21,530.0","21,625.0","21,500.0","","0.28%"
"22/03/2015","21,535.0","21,475.0","21,565.0","21,444.0","","0.19%"
"15/03/2015","21,495.0","21,380.0","21,520.0","21,370.0","","0.49%"
"08/03/2015","21,390.0","21,350.0","21,390.0","21,345.0","","0.19%"
"01/03/2015","21,350.0","21,350.0","21,400.0","21,310.0","","0.01%"
"22/02/2015","21,347.5","21,342.5","21,396.5","21,317.5","","0.08%"
"15/02/2015","21,330.0","21,330.0","21,330.0","21,330.0","","0.00%"
"08/02/2015","21,330.0","21,340.0","21,370.0","21,144.0","","0.23%"
"01/02/2015","21,282.0","21,360.0","21,408.0","21,235.0","","-0.16%"
"25/01/2015","21,317.0","21,370.0","21,390.0","21,279.0","","-0.15%"
"18/01/2015","21,350.0","21,350.0","21,380.0","21,340.0","","0.05%"
"11/01/2015","21,340.0","21,365.0","21,385.0","21,335.0","","-0.14%"
"04/01/2015","21,370.0","21,415.0","21,480.0","21,340.0","","-0.08%"
"28/12/2014","21,387.5","21,387.5","21,412.5","21,317.5","","0.00%"
"21/12/2014","21,387.5","21,387.5","21,407.5","21,337.5","","0.06%"
"14/12/2014","21,375.0","21,375.0","21,405.0","21,315.0","","-0.06%"
"07/12/2014","21,387.5","21,327.5","21,407.5","21,317.5","","0.25%"
"30/11/2014","21,335.0","21,415.0","21,440.0","21,325.0","","-0.08%"
"23/11/2014","21,352.5","21,372.5","21,457.5","21,337.5","","-0.11%"
"16/11/2014","21,375.0","21,320.0","21,430.0","21,300.0","","0.23%"
"09/11/2014","21,325.0","21,255.0","21,345.0","21,220.0","","0.14%"
"02/11/2014","21,295.0","21,265.0","21,315.0","21,210.0","","0.07%"
"26/10/2014","21,280.0","21,275.0","21,295.0","21,210.0","","0.02%"
"19/10/2014","21,275.0","21,245.0","21,285.0","21,210.0","","0.14%"
"12/10/2014","21,245.0","21,245.0","21,265.0","21,205.0","","0.11%"
"05/10/2014","21,222.5","21,257.5","21,277.5","21,162.5","","-0.12%"
"28/09/2014","21,247.5","21,247.5","21,332.5","21,237.5","","0.14%"
"21/09/2014","21,217.5","21,207.5","21,242.5","21,187.5","","0.06%"
"14/09/2014","21,205.0","21,195.0","21,225.0","21,180.0","","0.04%"
"07/09/2014","21,197.5","21,197.5","21,227.5","21,187.5","","0.01%"
"31/08/2014","21,195.0","21,195.0","21,225.0","21,185.0","","0.00%"
"24/08/2014","21,195.0","21,195.0","21,225.0","21,170.0","","-0.01%"
"17/08/2014","21,197.5","21,202.5","21,212.5","21,172.5","","-0.01%"
"10/08/2014","21,200.0","21,205.0","21,215.0","21,170.0","","-0.09%"
"03/08/2014","21,220.0","21,230.0","21,250.0","21,180.0","","0.03%"
"27/07/2014","21,214.0","21,214.0","21,244.0","21,204.0","","-0.06%"
"20/07/2014","21,227.5","21,212.5","21,247.5","21,207.5","","0.06%"
"13/07/2014","21,215.0","21,200.0","21,230.0","21,180.0","","0.07%"
"06/07/2014","21,200.0","21,290.0","21,310.0","21,180.0","","-0.42%"
"29/06/2014","21,290.0","21,330.0","21,355.0","21,280.0","","-0.19%"
"22/06/2014","21,330.0","21,310.0","21,360.0","21,270.0","","0.09%"
"15/06/2014","21,310.0","21,210.0","21,370.0","21,140.0","","0.41%"
"08/06/2014","21,222.5","21,182.5","21,247.5","21,132.5","","0.18%"
"01/06/2014","21,185.0","21,155.0","21,235.0","21,105.0","","0.13%"
"25/05/2014","21,157.5","21,142.5","21,172.5","21,102.5","","0.05%"
"18/05/2014","21,147.5","21,157.5","21,162.5","21,082.5","","-0.08%"
"11/05/2014","21,165.0","21,100.0","21,165.0","21,095.0","","0.31%"
"04/05/2014","21,100.0","21,090.0","21,115.0","21,085.0","","0.08%"
"27/04/2014","21,082.5","21,112.5","21,132.5","21,082.5","","-0.08%"
"20/04/2014","21,100.0","21,100.0","21,150.0","21,090.0","","0.01%"
"13/04/2014","21,097.5","21,092.5","21,172.5","21,092.5","","0.00%"
"06/04/2014","21,097.2","21,072.8","21,097.2","21,072.8","","0.02%"
"30/03/2014","21,092.5","21,107.5","21,117.5","21,082.5","","-0.07%"
"23/03/2014","21,107.5","21,097.5","21,112.5","21,082.5","","0.05%"
"16/03/2014","21,097.5","21,102.5","21,112.5","21,082.5","","-0.01%"
"09/03/2014","21,100.0","21,090.0","21,110.0","21,080.0","","0.00%"
"02/03/2014","21,100.0","21,095.0","21,105.0","21,080.0","","0.00%"
"23/02/2014","21,100.0","21,105.0","21,105.0","21,080.0","","-0.02%"
"16/02/2014","21,105.0","21,095.0","21,110.0","21,090.0","","0.02%"
"09/02/2014","21,100.0","21,115.0","21,120.0","21,090.0","","-0.02%"
"02/02/2014","21,105.0","21,095.0","21,110.0","21,070.0","","0.21%"
"26/01/2014","21,060.0","21,060.0","21,075.0","21,060.0","","-0.12%"
"19/01/2014","21,085.0","21,095.0","21,105.0","21,075.0","","-0.02%"
"12/01/2014","21,090.0","21,090.0","21,100.0","21,080.0","","0.00%"
"05/01/2014","21,091.0","21,089.0","21,099.0","21,079.0","","-0.02%"
"29/12/2013","21,095.0","21,095.0","21,110.0","21,080.0","","0.00%"
"22/12/2013","21,095.0","21,100.0","21,115.0","21,085.0","","-0.09%"
"15/12/2013","21,115.0","21,120.0","21,130.0","21,090.0","","0.03%"
"08/12/2013","21,108.5","21,131.5","21,141.5","21,076.5","","-0.15%"
"01/12/2013","21,140.0","21,090.0","21,160.0","21,080.0","","0.09%"
"24/11/2013","21,120.0","21,110.0","21,130.0","21,090.0","","0.09%"
"17/11/2013","21,100.0","21,100.0","21,107.0","21,080.0","","0.00%"
"10/11/2013","21,100.0","21,100.0","21,110.0","21,080.0","","0.00%"
"03/11/2013","21,100.0","21,090.0","21,110.0","21,070.0","","0.00%"
"27/10/2013","21,100.0","21,095.0","21,105.0","21,080.0","","0.01%"
"20/10/2013","21,097.5","21,107.5","21,107.5","21,077.5","","-0.08%"
"13/10/2013","21,115.0","21,105.0","21,125.0","21,085.0","","0.07%"
"06/10/2013","21,100.0","21,110.0","21,115.0","21,085.0","","-0.09%"
"29/09/2013","21,120.0","21,115.0","21,143.0","21,090.0","","0.03%"
"22/09/2013","21,113.5","21,091.5","21,113.5","21,061.5","","0.02%"
"15/09/2013","21,110.0","21,120.0","21,140.0","21,090.0","","-0.02%"
"08/09/2013","21,115.0","21,100.0","21,145.0","21,070.0","","-0.19%"
"01/09/2013","21,155.0","21,120.0","21,175.0","21,100.0","","0.00%"
"25/08/2013","21,155.0","21,100.0","21,235.0","21,060.0","","-0.02%"
"18/08/2013","21,160.0","21,075.0","21,240.0","21,050.0","","0.30%"
"11/08/2013","21,097.5","21,070.0","21,102.5","21,060.0","","-0.01%"
"04/08/2013","21,100.0","21,090.0","21,140.0","21,010.0","","-0.17%"
"28/07/2013","21,135.0","21,190.0","21,225.0","21,090.0","","-0.37%"
"21/07/2013","21,213.0","21,200.0","21,263.0","21,180.0","","-0.05%"
"14/07/2013","21,223.0","21,210.0","21,263.0","21,180.0","","0.00%"
"07/07/2013","21,223.0","21,230.0","21,263.0","21,170.0","","-0.07%"
"30/06/2013","21,238.0","21,135.0","21,248.0","21,130.0","","0.16%"
"23/06/2013","21,205.0","21,035.0","21,261.0","20,970.0","","0.81%"
"16/06/2013","21,035.5","21,035.0","21,035.5","20,970.0","","0.15%"
"09/06/2013","21,003.0","20,995.0","21,068.0","20,970.0","","-0.07%"
"02/06/2013","21,018.0","20,985.0","21,038.0","20,936.0","","0.02%"
"26/05/2013","21,013.0","20,970.0","21,023.0","20,910.0","","0.21%"
"19/05/2013","20,970.0","20,955.0","21,060.0","20,900.0","","-0.07%"
"12/05/2013","20,985.0","20,920.0","21,005.0","20,900.0","","0.21%"
"05/05/2013","20,940.0","20,910.0","20,940.0","20,900.0","","0.00%"
"28/04/2013","20,940.0","20,915.0","20,945.0","20,900.0","","0.48%"
"21/04/2013","20,840.0","20,880.0","20,960.0","20,810.0","","-0.28%"
"14/04/2013","20,897.5","20,835.0","20,937.5","20,790.0","","0.20%"
"07/04/2013","20,855.0","20,900.0","20,945.0","20,820.0","","-0.33%"
"31/03/2013","20,925.0","20,920.0","20,950.0","20,840.0","","-0.12%"
"24/03/2013","20,950.0","20,925.0","20,955.0","20,840.0","","0.05%"
"17/03/2013","20,940.0","20,930.0","20,967.0","20,840.0","","-0.05%"
"10/03/2013","20,950.0","20,915.0","20,960.0","20,840.0","","0.07%"
"03/03/2013","20,935.0","20,900.0","20,995.0","20,840.0","","0.05%"
"24/02/2013","20,925.0","20,850.0","20,955.0","20,800.0","","0.17%"
"17/02/2013","20,890.0","20,820.0","20,920.0","20,790.0","","0.22%"
"10/02/2013","20,845.0","20,820.0","20,845.0","20,820.0","","0.00%"
"03/02/2013","20,845.0","20,820.0","20,865.0","20,770.0","","0.06%"
"27/01/2013","20,832.5","20,830.0","20,867.5","20,795.0","","-0.04%"
"20/01/2013","20,840.0","20,825.0","20,866.0","20,795.0","","-0.02%"
"13/01/2013","20,845.0","20,825.0","20,871.0","20,795.0","","-0.02%"
"06/01/2013","20,850.0","20,820.0","20,890.0","20,800.0","","0.04%"
"30/12/2012","20,842.5","20,815.0","20,852.5","20,795.0","","0.01%"
"23/12/2012","20,840.0","20,835.0","20,865.0","20,795.0","","-0.07%"
"16/12/2012","20,855.0","20,825.0","20,865.0","20,800.0","","0.07%"
"09/12/2012","20,840.0","20,825.0","20,867.0","20,800.0","","0.00%"
"02/12/2012","20,840.0","20,830.0","20,865.0","20,800.0","","-0.05%"
"25/11/2012","20,850.0","20,840.0","20,855.0","20,800.0","","-0.07%"
"18/11/2012","20,865.0","20,840.0","20,870.0","20,790.0","","0.07%"
"11/11/2012","20,850.0","20,830.0","20,895.0","20,790.0","","0.05%"
"04/11/2012","20,840.0","20,830.0","20,875.0","20,790.0","","-0.05%"
"28/10/2012","20,850.0","20,830.0","20,875.0","20,790.0","","0.05%"
"21/10/2012","20,840.0","20,835.0","20,870.0","20,790.0","","-0.02%"
"14/10/2012","20,845.0","20,835.0","20,885.0","20,800.0","","0.00%"
"07/10/2012","20,845.0","20,870.0","20,905.0","20,800.0","","-0.19%"
"30/09/2012","20,885.0","20,860.0","20,905.0","20,820.0","","0.00%"
"23/09/2012","20,885.0","20,845.0","20,885.0","20,810.0","","0.10%"
"16/09/2012","20,865.0","20,840.0","20,885.0","20,790.0","","0.00%"
"09/09/2012","20,865.0","20,830.0","20,865.0","20,790.0","","0.07%"
"02/09/2012","20,850.0","20,840.0","20,900.0","20,790.0","","0.05%"
"26/08/2012","20,840.0","20,830.0","20,920.0","20,790.0","","-0.10%"
"19/08/2012","20,860.0","20,830.0","20,960.0","20,780.0","","-0.02%"
"12/08/2012","20,865.0","20,840.0","20,945.0","20,785.0","","0.00%"
"05/08/2012","20,865.0","20,840.0","20,945.0","20,800.0","","0.00%"
"29/07/2012","20,865.0","20,850.0","20,945.0","20,800.0","","-0.07%"
"22/07/2012","20,880.0","20,830.0","20,900.0","20,800.0","","0.17%"
"15/07/2012","20,845.0","20,850.0","20,887.0","20,800.0","","-0.07%"
"08/07/2012","20,860.0","20,850.0","20,904.0","20,820.0","","-0.12%"
"01/07/2012","20,885.0","20,870.0","20,935.0","20,840.0","","-0.10%"
"24/06/2012","20,905.0","20,880.0","20,955.0","20,800.0","","0.00%"
"17/06/2012","20,905.0","20,935.0","21,005.0","20,830.0","","-0.26%"
"10/06/2012","20,960.0","20,960.0","21,035.0","20,830.0","","-0.12%"
"03/06/2012","20,985.0","20,840.0","21,065.0","20,820.0","","0.58%"
"27/05/2012","20,865.0","20,830.0","20,900.0","20,780.0","","0.02%"
"20/05/2012","20,860.0","20,830.0","20,880.0","20,800.0","","0.05%"
"13/05/2012","20,850.0","20,830.0","20,890.0","20,780.0","","0.02%"
"06/05/2012","20,845.0","20,830.0","20,945.0","20,780.0","","-0.02%"
"29/04/2012","20,850.0","20,830.0","20,960.0","20,800.0","","-0.07%"
"22/04/2012","20,865.0","20,810.0","20,920.0","20,780.0","","0.07%"
"15/04/2012","20,850.0","20,810.0","20,870.0","20,760.0","","0.12%"
"08/04/2012","20,825.0","20,810.0","20,865.0","20,780.0","","-0.02%"
"01/04/2012","20,830.0","20,820.0","20,880.0","20,780.0","","-0.10%"
"25/03/2012","20,850.0","20,820.0","20,928.0","20,770.0","","-0.17%"
"18/03/2012","20,885.0","20,810.0","20,910.0","20,780.0","","0.31%"
"11/03/2012","20,820.0","20,800.0","20,870.0","20,780.0","","-0.05%"
"04/03/2012","20,830.0","20,825.0","20,870.0","20,780.0","","0.00%"
"26/02/2012","20,830.0","20,810.0","20,855.0","20,780.0","","-0.05%"
"19/02/2012","20,840.0","20,865.0","20,895.0","20,770.0","","0.07%"
"12/02/2012","20,825.0","20,800.0","20,915.0","20,770.0","","-0.34%"
"05/02/2012","20,895.0","20,950.0","21,055.0","20,800.0","","-0.38%"
"29/01/2012","20,975.0","20,850.0","21,055.0","20,800.0","","0.36%"
"22/01/2012","20,900.0","20,850.0","20,900.0","20,850.0","","0.14%"
"15/01/2012","20,870.0","21,033.0","21,094.0","20,800.0","","-0.78%"
"08/01/2012","21,033.5","21,033.0","21,037.5","21,000.0","","0.00%"
"01/01/2012","21,033.5","21,034.0","21,037.5","21,000.0","","0.00%"
"25/12/2011","21,033.5","21,030.0","21,037.5","21,000.0","","0.08%"
"18/12/2011","21,016.0","21,016.0","21,025.0","20,990.0","","-0.02%"
"11/12/2011","21,020.5","21,005.0","21,020.5","20,981.0","","0.07%"
"04/12/2011","21,005.5","21,005.0","21,015.5","20,981.0","","0.00%"
"27/11/2011","21,005.5","21,006.0","21,015.5","20,981.0","","0.00%"
"20/11/2011","21,005.5","21,005.0","21,015.5","20,990.0","","0.00%"
"13/11/2011","21,005.5","21,005.0","21,015.5","20,980.0","","-0.02%"
"06/11/2011","21,009.5","21,005.0","21,011.5","20,980.0","","0.01%"
"30/10/2011","21,008.0","21,005.0","21,013.0","20,980.0","","0.40%"
"23/10/2011","20,925.0","20,950.0","21,014.0","20,865.0","","-0.13%"
"16/10/2011","20,953.0","20,900.0","20,955.0","20,800.0","","0.29%"
"09/10/2011","20,893.0","20,855.0","20,895.0","20,775.0","","0.37%"
"02/10/2011","20,817.0","20,830.0","20,875.0","20,750.0","","-0.06%"
"25/09/2011","20,829.5","20,830.0","20,894.5","20,750.0","","-0.33%"
"18/09/2011","20,897.5","20,830.0","20,897.5","20,750.0","","0.31%"
"11/09/2011","20,832.0","20,830.0","20,892.0","20,750.0","","0.07%"
"04/09/2011","20,817.0","20,830.0","20,849.0","20,750.0","","-0.07%"
"28/08/2011","20,832.0","20,830.0","20,834.0","20,750.0","","0.00%"
"21/08/2011","20,832.0","20,820.0","20,834.0","20,724.0","","0.15%"
"14/08/2011","20,800.0","20,800.0","20,830.0","20,724.0","","-0.08%"
"07/08/2011","20,817.0","20,600.0","20,827.0","20,540.0","","1.13%"
"31/07/2011","20,585.0","20,550.0","20,615.0","20,500.0","","-0.05%"
"24/07/2011","20,595.0","20,520.0","20,635.0","20,520.0","","-0.02%"
"17/07/2011","20,600.0","20,550.0","20,650.0","20,510.0","","0.12%"
"10/07/2011","20,575.0","20,570.0","20,625.0","20,500.0","","-0.07%"
"03/07/2011","20,590.0","20,550.0","20,610.0","20,500.0","","0.02%"
"26/06/2011","20,585.0","20,560.0","20,725.0","20,510.0","","0.05%"
"19/06/2011","20,575.0","20,660.0","20,755.0","20,520.0","","-0.84%"
"12/06/2011","20,750.0","20,530.0","20,760.0","20,470.0","","0.97%"
"05/06/2011","20,550.0","20,520.0","20,610.0","20,470.0","","-0.02%"
"29/05/2011","20,555.0","20,520.0","20,635.0","20,470.0","","-0.12%"
"22/05/2011","20,580.0","20,680.0","20,785.0","20,500.0","","-0.82%"
"15/05/2011","20,750.0","20,600.0","20,830.0","20,590.0","","0.68%"
"08/05/2011","20,610.0","20,590.0","20,690.0","20,565.0","","-0.05%"
"01/05/2011","20,620.0","20,600.0","20,695.0","20,550.0","","-0.12%"
"24/04/2011","20,645.0","20,910.0","20,985.0","20,450.0","","-1.05%"
"17/04/2011","20,865.0","20,890.0","20,935.0","20,800.0","","-0.13%"
"10/04/2011","20,892.5","20,910.0","20,942.5","20,800.0","","0.30%"
"03/04/2011","20,830.0","20,900.0","20,940.0","20,800.0","","-0.39%"
"27/03/2011","20,912.5","20,875.0","20,912.5","20,795.0","","0.18%"
"20/03/2011","20,875.0","20,875.0","20,905.0","20,765.0","","0.10%"
"13/03/2011","20,855.0","20,865.0","20,875.0","20,765.0","","-0.08%"
"06/03/2011","20,872.5","20,860.0","20,877.5","20,765.0","","0.18%"
"27/02/2011","20,835.0","20,875.0","20,910.0","20,765.0","","-0.25%"
"20/02/2011","20,887.5","20,830.0","20,892.5","20,785.0","","0.02%"
"13/02/2011","20,882.5","20,900.0","20,912.5","20,800.0","","0.40%"
"06/02/2011","20,800.0","19,495.0","21,000.0","19,450.0","","6.69%"
"30/01/2011","19,495.0","19,490.0","19,500.0","19,490.0","","-0.01%"
"23/01/2011","19,497.5","19,495.0","19,500.5","19,450.0","","0.00%"
"16/01/2011","19,497.5","19,495.0","19,500.5","19,450.0","","0.00%"
"09/01/2011","19,497.5","19,495.0","19,500.5","19,450.0","","-0.01%"
"02/01/2011","19,499.0","19,495.0","19,499.0","19,450.0","","0.01%"
"26/12/2010","19,497.5","19,495.0","19,500.5","19,450.0","","-0.01%"
"19/12/2010","19,499.0","19,495.0","19,499.0","19,450.0","","0.01%"
"12/12/2010","19,497.5","19,495.0","19,500.5","19,450.0","","0.01%"
"05/12/2010","19,495.0","19,495.0","19,503.0","19,450.0","","-0.02%"
"28/11/2010","19,499.0","19,495.0","19,499.0","19,450.0","","0.01%"
"21/11/2010","19,497.5","19,495.0","19,500.5","19,450.0","","0.01%"
"14/11/2010","19,495.0","19,495.0","19,503.0","19,450.0","","0.00%"
"07/11/2010","19,495.0","19,495.0","19,503.0","19,450.0","","0.00%"
"31/10/2010","19,495.0","19,920.0","19,925.0","19,450.0","","0.03%"
"24/10/2010","19,490.0","19,850.0","19,930.0","19,450.0","","0.03%"
"17/10/2010","19,485.0","19,490.0","19,865.0","19,450.0","","-0.07%"
"10/10/2010","19,498.5","19,700.0","19,751.5","19,450.0","","0.01%"
"03/10/2010","19,497.5","19,490.0","19,672.5","19,450.0","","0.04%"
"26/09/2010","19,490.0","19,465.0","19,508.0","19,090.0","","0.00%"
"19/09/2010","19,490.0","19,465.0","19,505.0","19,090.0","","-0.03%"
"12/09/2010","19,495.0","19,465.0","19,500.0","19,090.0","","0.03%"
"05/09/2010","19,490.0","19,465.0","19,500.0","19,090.0","","0.03%"
"29/08/2010","19,485.0","19,475.0","19,505.0","19,090.0","","0.03%"
"22/08/2010","19,480.0","19,470.0","19,510.0","19,090.0","","0.00%"
"15/08/2010","19,480.0","19,220.0","19,510.0","19,050.0","","1.09%"
"08/08/2010","19,270.0","19,080.0","19,270.0","19,000.0","","0.92%"
"01/08/2010","19,095.0","19,200.0","19,205.0","19,000.0","","0.10%"
"25/07/2010","19,075.0","19,090.0","19,123.0","19,000.0","","-0.12%"
"18/07/2010","19,097.5","19,050.0","19,097.5","19,000.0","","0.03%"
"11/07/2010","19,092.5","19,070.0","19,097.5","18,900.0","","-0.01%"
"04/07/2010","19,095.0","19,090.0","19,100.0","18,900.0","","0.09%"
"27/06/2010","19,077.5","19,000.0","19,107.5","18,900.0","","0.43%"
"20/06/2010","18,995.0","18,940.0","19,025.0","18,900.0","","-0.03%"
"13/06/2010","19,000.0","18,950.0","19,075.0","18,900.0","","0.13%"
"06/06/2010","18,975.0","18,970.0","19,005.0","18,875.0","","-0.03%"
"30/05/2010","18,980.0","18,970.0","19,005.0","18,700.0","","-0.05%"
"23/05/2010","18,990.0","18,900.0","19,010.0","18,890.0","","-0.03%"
"16/05/2010","18,995.0","18,970.0","19,035.0","18,850.0","","-0.16%"
"09/05/2010","19,025.0","18,825.0","19,065.0","18,800.0","","0.13%"
"02/05/2010","19,000.0","18,940.0","19,050.0","18,800.0","","0.13%"
"25/04/2010","18,975.0","18,970.0","19,070.0","18,800.0","","-0.03%"
"18/04/2010","18,980.0","18,950.0","19,080.0","18,800.0","","0.03%"
"11/04/2010","18,975.0","19,020.0","19,115.0","18,850.0","","-0.39%"
"04/04/2010","19,050.0","19,050.0","19,140.0","18,800.0","","-0.16%"
"28/03/2010","19,080.0","19,070.0","19,110.0","18,800.0","","-0.03%"
"21/03/2010","19,085.0","19,060.0","19,215.0","18,600.0","","1.03%"
"14/03/2010","18,890.0","19,075.0","19,300.0","18,660.0","","-0.03%"
"07/03/2010","18,895.0","19,050.0","19,295.0","18,660.0","","0.03%"
"28/02/2010","18,890.0","19,080.0","19,300.0","18,600.0","","-0.84%"
"21/02/2010","19,050.0","18,750.0","19,340.0","18,459.0","","1.06%"
"14/02/2010","18,850.0","18,750.0","19,250.0","18,500.0","","-0.26%"
"07/02/2010","18,900.0","18,469.0","19,200.0","18,460.0","","2.31%"
"31/01/2010","18,474.0","18,474.0","18,480.0","18,459.0","","0.00%"
"24/01/2010","18,474.0","18,469.0","18,480.0","18,450.0","","0.00%"
"17/01/2010","18,474.0","18,469.0","18,480.0","17,835.0","","0.02%"
"10/01/2010","18,469.5","18,474.0","18,484.5","18,450.0","","-0.02%"
"03/01/2010","18,474.0","18,469.0","18,482.0","18,450.0","","0.00%"
"27/12/2009","18,474.0","18,469.0","18,482.0","18,450.0","","0.01%"
"20/12/2009","18,472.0","18,474.0","18,484.0","18,450.0","","-0.02%"
"13/12/2009","18,476.5","18,469.0","18,702.5","18,250.0","","0.54%"
"06/12/2009","18,376.5","18,469.0","18,852.5","18,268.0","","-0.02%"
"29/11/2009","18,380.5","19,000.0","19,300.5","18,000.0","","-0.06%"
"22/11/2009","18,391.0","17,873.0","18,600.0","17,600.0","","2.63%"
"15/11/2009","17,920.0","17,869.0","17,975.0","17,820.0","","0.28%"
"08/11/2009","17,869.5","17,859.0","17,873.5","17,820.0","","0.00%"
"01/11/2009","17,870.0","17,851.0","17,916.0","17,820.0","","-0.39%"
"25/10/2009","17,940.0","17,850.0","17,961.0","17,815.0","","0.14%"
"18/10/2009","17,915.0","17,842.0","17,956.0","17,800.0","","0.08%"
"11/10/2009","17,900.0","17,841.0","17,953.0","17,800.0","","0.31%"
"04/10/2009","17,844.0","17,835.0","17,853.0","17,835.0","","0.03%"
"27/09/2009","17,839.0","17,834.0","17,848.0","17,831.0","","0.01%"
"20/09/2009","17,837.0","17,832.0","17,845.0","17,820.0","","0.02%"
"13/09/2009","17,834.0","17,823.0","17,835.0","17,820.0","","0.05%"
"06/09/2009","17,825.5","17,815.0","17,836.5","17,806.0","","0.02%"
"30/08/2009","17,821.5","17,813.0","17,827.5","17,806.0","","0.03%"
"23/08/2009","17,815.5","17,809.0","17,826.5","17,806.0","","0.01%"
"16/08/2009","17,814.0","17,804.0","17,819.0","17,760.0","","0.01%"
"09/08/2009","17,812.5","17,810.0","17,817.5","17,792.0","","0.00%"
"02/08/2009","17,813.0","17,814.0","17,818.0","17,760.0","","0.00%"
"26/07/2009","17,813.5","17,814.0","17,818.5","17,760.0","","0.01%"
"19/07/2009","17,811.5","17,808.0","17,812.5","17,760.0","","0.02%"
"12/07/2009","17,808.5","17,804.0","17,808.5","17,760.0","","0.02%"
"05/07/2009","17,805.5","17,801.0","17,805.5","17,760.0","","0.06%"
"28/06/2009","17,795.5","17,803.0","17,808.5","17,760.0","","-0.03%"
"21/06/2009","17,801.5","17,798.0","17,802.5","17,760.0","","0.01%"
"14/06/2009","17,800.5","17,794.0","17,800.5","17,760.0","","0.04%"
"07/06/2009","17,793.5","17,788.0","17,793.5","17,760.0","","0.02%"
"31/05/2009","17,790.5","17,785.0","17,790.5","17,760.0","","0.09%"
"24/05/2009","17,775.0","17,782.0","17,794.0","17,760.0","","-0.04%"
"17/05/2009","17,782.0","17,780.0","17,784.0","17,750.0","","-0.01%"
"10/05/2009","17,783.0","17,780.0","17,786.0","17,750.0","","0.05%"
"03/05/2009","17,775.0","17,780.0","17,796.0","17,750.0","","-0.04%"
"26/04/2009","17,781.5","17,761.0","17,783.5","17,750.0","","0.05%"
"19/04/2009","17,773.0","17,785.0","17,813.0","17,700.0","","-0.05%"
"12/04/2009","17,782.5","17,783.0","17,787.5","17,690.0","","0.05%"
"05/04/2009","17,773.0","17,740.0","17,798.0","17,700.0","","-0.03%"
"29/03/2009","17,779.0","17,700.0","17,810.0","17,650.0","","-0.06%"
"22/03/2009","17,789.5","17,485.0","17,899.5","17,436.0","","1.73%"
"15/03/2009","17,487.5","17,483.0","17,582.5","17,432.0","","0.03%"
"08/03/2009","17,483.0","17,479.0","17,536.0","17,428.0","","0.01%"
"01/03/2009","17,481.0","17,479.0","17,532.0","17,428.0","","0.00%"
"22/02/2009","17,480.5","17,479.0","17,534.5","17,428.0","","-0.01%"
"15/02/2009","17,481.5","17,489.0","17,526.5","17,430.0","","-0.01%"
"08/02/2009","17,484.0","17,500.0","17,579.0","17,430.0","","0.00%"
"01/02/2009","17,484.5","17,480.0","17,575.5","17,426.0","","0.00%"
"25/01/2009","17,484.5","17,422.0","17,533.5","17,422.0","","0.04%"
"18/01/2009","17,477.0","17,475.0","17,487.0","17,415.0","","-0.01%"
"11/01/2009","17,478.5","17,470.0","17,500.5","17,420.0","","0.01%"
"04/01/2009","17,476.0","17,480.0","17,576.0","17,400.0","","-0.02%"
"28/12/2008","17,479.0","17,400.0","17,543.0","17,370.0","","0.04%"
"21/12/2008","17,472.0","16,889.0","17,520.0","16,889.0","","2.84%"
"14/12/2008","16,989.5","17,000.0","17,050.5","16,926.0","","-0.35%"
"07/12/2008","17,050.0","17,000.0","17,050.0","16,910.0","","0.41%"
"30/11/2008","16,981.0","16,973.0","17,051.0","16,877.0","","0.05%"
"23/11/2008","16,972.0","16,968.0","17,031.0","16,871.0","","0.00%"
"16/11/2008","16,972.0","16,970.0","17,035.0","16,900.0","","-0.09%"
"09/11/2008","16,987.0","16,940.0","17,042.0","16,840.0","","0.14%"
"02/11/2008","16,964.0","16,810.0","17,072.0","16,772.0","","0.38%"
"26/10/2008","16,900.0","16,830.0","16,900.0","16,734.0","","0.37%"
"19/10/2008","16,838.0","16,610.0","16,855.0","16,550.0","","1.43%"
"12/10/2008","16,600.0","16,565.0","16,620.0","16,525.0","","0.12%"
"05/10/2008","16,580.0","16,500.0","16,652.0","16,500.0","","-0.06%"
"28/09/2008","16,590.0","16,570.0","16,660.0","16,510.0","","0.00%"
"21/09/2008","16,590.0","16,680.0","16,745.0","16,520.0","","-0.81%"
"14/09/2008","16,725.0","16,580.0","16,745.0","16,480.0","","0.81%"
"07/09/2008","16,590.0","16,480.0","16,710.0","16,480.0","","0.00%"
"31/08/2008","16,590.0","16,510.0","16,700.0","16,450.0","","0.39%"
"24/08/2008","16,525.0","16,570.0","16,715.0","16,450.0","","-0.39%"
"17/08/2008","16,590.0","16,570.0","16,750.0","16,520.0","","-0.06%"
"10/08/2008","16,600.0","16,440.0","16,665.0","16,400.0","","0.36%"
"03/08/2008","16,540.0","16,740.0","16,760.0","16,520.0","","-1.34%"
"27/07/2008","16,765.0","16,740.0","16,765.0","16,740.0","","-0.06%"
"20/07/2008","16,775.0","16,750.0","16,775.0","16,750.0","","0.00%"
"13/07/2008","16,775.0","16,750.0","16,775.0","16,750.0","","-0.39%"
"06/07/2008","16,841.5","16,840.0","16,841.5","16,840.0","","-0.04%"
"29/06/2008","16,847.5","16,845.0","16,847.5","16,845.0","","0.01%"
"22/06/2008","16,845.0","16,844.0","16,845.0","16,844.0","","1.40%"
"15/06/2008","16,612.0","16,607.0","16,612.0","16,607.0","","0.01%"
"08/06/2008","16,611.0","16,601.0","16,611.0","16,601.0","","2.01%"
"01/06/2008","16,284.0","16,283.0","16,284.0","16,283.0","","0.23%"
"25/05/2008","16,246.0","16,245.0","16,246.0","16,245.0","","0.29%"
"18/05/2008","16,199.0","16,194.0","16,199.0","16,194.0","","0.24%"
"11/05/2008","16,160.5","16,158.0","16,160.5","16,158.0","","0.09%"
"04/05/2008","16,146.0","16,141.0","16,146.0","16,141.0","","0.11%"
"27/04/2008","16,129.0","16,128.0","16,129.0","16,128.0","","0.07%"
"20/04/2008","16,118.5","16,116.0","16,118.5","16,116.0","","0.03%"
"13/04/2008","16,114.0","16,110.0","16,114.0","16,110.0","","-0.01%"
"06/04/2008","16,116.0","16,115.0","16,116.0","16,115.0","","0.01%"
"30/03/2008","16,115.0","16,110.0","16,115.0","16,110.0","","0.00%"
"23/03/2008","16,115.0","16,110.0","16,115.0","16,110.0","","1.85%"
"16/03/2008","15,822.5","15,820.0","15,822.5","15,820.0","","-0.26%"
"09/03/2008","15,863.0","15,858.0","15,863.0","15,858.0","","-0.31%"
"02/03/2008","15,912.5","15,910.0","15,912.5","15,910.0","","-0.11%"
"24/02/2008","15,930.5","15,930.0","15,930.5","15,930.0","","-0.06%"
"17/02/2008","15,940.0","15,935.0","15,940.0","15,935.0","","-0.09%"
"10/02/2008","15,955.0","15,945.0","15,955.0","15,945.0","","-0.03%"
"03/02/2008","15,960.0","15,955.0","15,960.0","15,955.0","","-0.06%"
"27/01/2008","15,970.0","15,965.0","15,970.0","15,965.0","","0.00%"
"20/01/2008","15,970.0","15,960.0","15,970.0","15,960.0","","-0.08%"
"13/01/2008","15,983.0","15,973.0","15,983.0","15,973.0","","0.02%"
"06/01/2008","15,980.0","15,975.0","15,980.0","15,975.0","","-0.03%"
"30/12/2007","15,985.0","15,980.0","15,985.0","15,980.0","","-0.22%"
"23/12/2007","16,020.0","16,015.0","16,020.0","16,015.0","","-0.09%"
"16/12/2007","16,035.0","16,030.0","16,035.0","16,030.0","","-0.03%"
"09/12/2007","16,040.0","16,035.0","16,040.0","16,035.0","","0.03%"
"02/12/2007","16,035.0","16,030.0","16,035.0","16,030.0","","-0.03%"
"25/11/2007","16,040.0","16,035.0","16,040.0","16,035.0","","-0.07%"
"18/11/2007","16,051.5","16,044.0","16,051.5","16,044.0","","-0.09%"
"11/11/2007","16,066.0","16,060.0","16,066.0","16,060.0","","-0.02%"
"04/11/2007","16,070.0","16,062.0","16,070.0","16,062.0","","0.03%"
"28/10/2007","16,065.0","16,060.0","16,065.0","16,060.0","","-0.13%"
"21/10/2007","16,086.0","16,076.0","16,086.0","16,076.0","","0.04%"
"14/10/2007","16,080.0","16,075.0","16,080.0","16,075.0","","0.12%"
"07/10/2007","16,060.0","16,055.0","16,060.0","16,055.0","","-0.11%"
"30/09/2007","16,078.0","16,068.0","16,078.0","16,068.0","","-0.01%"
"23/09/2007","16,080.0","16,075.0","16,080.0","16,075.0","","-0.56%"
"16/09/2007","16,170.0","16,165.0","16,170.0","16,165.0","","-0.37%"
"09/09/2007","16,230.0","16,225.0","16,230.0","16,225.0","","-0.06%"
"02/09/2007","16,240.0","16,235.0","16,240.0","16,235.0","","0.00%"
"26/08/2007","16,240.0","16,235.0","16,240.0","16,235.0","","0.03%"
"19/08/2007","16,235.0","16,225.0","16,235.0","16,225.0","","-0.09%"
"12/08/2007","16,250.0","16,245.0","16,250.0","16,245.0","","0.43%"
"05/08/2007","16,181.0","16,174.0","16,181.0","16,174.0","","0.12%"
"29/07/2007","16,161.0","16,156.0","16,161.0","16,156.0","","0.13%"
"22/07/2007","16,140.0","16,135.0","16,140.0","16,135.0","","0.02%"
"15/07/2007","16,137.0","16,132.0","16,137.0","16,132.0","","0.02%"
"08/07/2007","16,133.0","16,128.0","16,133.0","16,128.0","","0.02%"
"01/07/2007","16,129.5","16,123.0","16,129.5","16,123.0","","-0.01%"
"24/06/2007","16,131.0","16,126.0","16,131.0","16,126.0","","0.07%"
"17/06/2007","16,120.0","16,115.0","16,120.0","16,115.0","","-0.02%"
"10/06/2007","16,122.5","16,115.0","16,122.5","16,115.0","","0.13%"
"03/06/2007","16,101.5","16,098.0","16,101.5","16,098.0","","0.06%"
"27/05/2007","16,092.0","16,085.0","16,092.0","16,085.0","","0.17%"
"20/05/2007","16,064.5","16,057.0","16,064.5","16,057.0","","0.05%"
"13/05/2007","16,057.0","16,049.0","16,057.0","16,049.0","","0.11%"
"06/05/2007","16,039.0","16,036.0","16,039.0","16,036.0","","-0.07%"
"29/04/2007","16,050.0","16,047.0","16,050.0","16,047.0","","-0.02%"
"22/04/2007","16,053.0","16,043.0","16,053.0","16,043.0","","0.05%"
"15/04/2007","16,045.0","16,038.0","16,045.0","16,038.0","","0.01%"
"08/04/2007","16,044.0","16,034.0","16,044.0","16,034.0","","0.11%"
"01/04/2007","16,027.0","16,024.0","16,027.0","16,024.0","","0.07%"
"25/03/2007","16,015.0","16,009.0","16,015.0","16,009.0","","0.02%"
"18/03/2007","16,012.5","16,005.0","16,012.5","16,005.0","","-0.10%"
"11/03/2007","16,029.0","16,024.0","16,029.0","16,024.0","","0.12%"
"04/03/2007","16,010.0","16,005.0","16,010.0","16,005.0","","0.08%"
"25/02/2007","15,998.0","15,996.0","15,998.0","15,996.0","","0.11%"
"18/02/2007","15,981.0","15,976.0","15,981.0","15,976.0","","0.01%"
"11/02/2007","15,980.0","15,975.0","15,980.0","15,975.0","","-0.04%"
"04/02/2007","15,987.0","15,982.0","15,987.0","15,982.0","","-0.39%"
"28/01/2007","16,050.0","16,045.0","16,050.0","16,045.0","","0.03%"
"21/01/2007","16,045.0","16,040.0","16,045.0","16,040.0","","-0.09%"
"14/01/2007","16,060.0","16,055.0","16,060.0","16,055.0","","0.00%"
"07/01/2007","16,060.0","16,055.0","16,060.0","16,055.0","","0.06%"
"31/12/2006","16,050.0","16,045.0","16,050.0","16,045.0","","-0.04%"
"24/12/2006","16,056.0","16,051.0","16,056.0","16,051.0","","-0.03%"
"17/12/2006","16,061.0","16,056.0","16,061.0","16,056.0","","-0.12%"
"10/12/2006","16,080.0","16,075.0","16,080.0","16,075.0","","0.08%"
"03/12/2006","16,067.0","16,062.0","16,067.0","16,062.0","","-0.03%"
"26/11/2006","16,072.0","16,067.0","16,072.0","16,067.0","","-0.07%"
"19/11/2006","16,083.0","16,078.0","16,083.0","16,078.0","","-0.09%"
"12/11/2006","16,098.0","16,093.0","16,098.0","16,093.0","","0.05%"
"05/11/2006","16,090.0","16,085.0","16,090.0","16,085.0","","0.06%"
"29/10/2006","16,081.0","16,076.0","16,081.0","16,076.0","","0.07%"
"22/10/2006","16,070.0","16,065.0","16,070.0","16,065.0","","0.00%"
"15/10/2006","16,070.0","16,065.0","16,070.0","16,065.0","","0.10%"
"08/10/2006","16,054.0","16,049.0","16,054.0","16,049.0","","0.00%"
"01/10/2006","16,054.0","16,053.0","16,054.0","16,053.0","","0.02%"
"24/09/2006","16,050.0","16,045.0","16,050.0","16,045.0","","0.06%"
"17/09/2006","16,040.0","16,035.0","16,040.0","16,035.0","","0.03%"
"10/09/2006","16,035.0","16,034.0","16,035.0","16,034.0","","0.08%"
"03/09/2006","16,022.0","16,017.0","16,022.0","16,017.0","","0.07%"
"27/08/2006","16,010.0","16,005.0","16,010.0","16,005.0","","-0.01%"
"20/08/2006","16,012.0","16,007.0","16,012.0","16,007.0","","0.04%"
"13/08/2006","16,005.0","16,000.0","16,005.0","16,000.0","","0.02%"
"06/08/2006","16,002.0","15,997.0","16,002.0","15,997.0","","-0.02%"
"30/07/2006","16,006.0","16,001.0","16,006.0","16,001.0","","0.01%"
"23/07/2006","16,005.0","16,000.0","16,005.0","16,000.0","","0.05%"
"16/07/2006","15,997.0","15,996.0","15,997.0","15,996.0","","0.03%"
"09/07/2006","15,993.0","15,992.0","15,993.0","15,992.0","","-0.01%"
"02/07/2006","15,995.0","15,994.0","15,995.0","15,994.0","","-0.01%"
"25/06/2006","15,996.0","15,995.0","15,996.0","15,995.0","","-0.01%"
"18/06/2006","15,997.0","15,996.0","15,997.0","15,996.0","","0.09%"
"11/06/2006","15,983.0","15,978.0","15,983.0","15,978.0","","0.04%"
"04/06/2006","15,976.0","15,975.0","15,976.0","15,975.0","","0.06%"
"28/05/2006","15,966.0","15,965.0","15,966.0","15,965.0","","-0.03%"
"21/05/2006","15,971.5","15,969.0","15,971.5","15,969.0","","0.03%"
"14/05/2006","15,967.5","15,965.0","15,967.5","15,965.0","","-0.08%"
"07/05/2006","15,979.5","15,978.0","15,979.5","15,978.0","","0.06%"
"30/04/2006","15,970.0","15,965.0","15,970.0","15,965.0","","0.17%"
"23/04/2006","15,942.5","15,940.0","15,942.5","15,940.0","","0.05%"
"16/04/2006","15,935.0","15,930.0","15,935.0","15,930.0","","0.05%"
"09/04/2006","15,927.0","15,922.0","15,927.0","15,922.0","","-0.01%"
"02/04/2006","15,928.0","15,923.0","15,928.0","15,923.0","","0.02%"
"26/03/2006","15,925.0","15,920.0","15,925.0","15,920.0","","0.03%"
"19/03/2006","15,921.0","15,916.0","15,921.0","15,916.0","","0.06%"
"12/03/2006","15,911.0","15,906.0","15,911.0","15,906.0","","0.01%"
"05/03/2006","15,910.0","15,909.0","15,910.0","15,909.0","","0.01%"
"26/02/2006","15,908.0","15,904.0","15,908.0","15,904.0","","-0.02%"
"19/02/2006","15,910.5","15,908.0","15,910.5","15,908.0","","-0.12%"
"12/02/2006","15,929.0","15,924.0","15,929.0","15,924.0","","0.05%"
"05/02/2006","15,921.5","15,919.0","15,921.5","15,919.0","","-0.05%"
"29/01/2006","15,930.0","15,929.0","15,930.0","15,929.0","","0.08%"
"22/01/2006","15,918.0","15,913.0","15,918.0","15,913.0","","0.03%"
"15/01/2006","15,914.0","15,913.0","15,914.0","15,913.0","","0.06%"
"08/01/2006","15,905.0","15,901.0","15,905.0","15,901.0","","-0.06%"
"01/01/2006","15,915.0","15,914.0","15,915.0","15,914.0","","0.01%"
"25/12/2005","15,914.0","15,913.0","15,914.0","15,913.0","","0.10%"
"18/12/2005","15,898.0","15,894.0","15,898.0","15,894.0","","-0.09%"
"11/12/2005","15,912.0","15,911.0","15,912.0","15,911.0","","0.04%"
"04/12/2005","15,905.0","15,904.0","15,905.0","15,904.0","","0.03%"
"27/11/2005","15,901.0","15,900.0","15,901.0","15,900.0","","-0.03%"
"20/11/2005","15,906.0","15,905.0","15,906.0","15,905.0","","0.01%"
"13/11/2005","15,905.0","15,904.0","15,905.0","15,904.0","","0.07%"
"06/11/2005","15,894.0","15,889.0","15,894.0","15,889.0","","0.01%"
"30/10/2005","15,893.0","15,892.0","15,893.0","15,892.0","","-0.06%"
"23/10/2005","15,903.0","15,902.0","15,903.0","15,902.0","","-0.02%"
"16/10/2005","15,906.5","15,904.0","15,906.5","15,904.0","","0.03%"
"09/10/2005","15,902.0","15,901.0","15,902.0","15,901.0","","0.03%"
"02/10/2005","15,897.0","15,896.0","15,897.0","15,896.0","","-0.02%"
"25/09/2005","15,900.0","15,895.0","15,900.0","15,895.0","","0.16%"
"18/09/2005","15,875.0","15,870.0","15,875.0","15,870.0","","-0.06%"
"11/09/2005","15,885.0","15,880.0","15,885.0","15,880.0","","0.03%"
"04/09/2005","15,880.0","15,875.0","15,880.0","15,875.0","","0.01%"
"28/08/2005","15,879.0","15,874.0","15,879.0","15,874.0","","-0.02%"
"21/08/2005","15,882.0","15,881.0","15,882.0","15,881.0","","0.15%"
"14/08/2005","15,858.5","15,857.0","15,858.5","15,857.0","","-0.05%"
"07/08/2005","15,867.0","15,865.0","15,867.0","15,865.0","","-0.09%"
"31/07/2005","15,881.5","15,879.0","15,881.5","15,879.0","","0.02%"
"24/07/2005","15,878.0","15,873.0","15,878.0","15,873.0","","0.03%"
"17/07/2005","15,873.5","15,871.0","15,873.5","15,871.0","","0.00%"
"10/07/2005","15,873.0","15,868.0","15,873.0","15,868.0","","0.04%"
"03/07/2005","15,866.0","15,865.0","15,866.0","15,865.0","","0.07%"
"26/06/2005","15,855.0","15,850.0","15,855.0","15,850.0","","-0.03%"
"19/06/2005","15,860.0","15,855.0","15,860.0","15,855.0","","-0.16%"
"12/06/2005","15,885.0","15,880.0","15,885.0","15,880.0","","0.20%"
"05/06/2005","15,854.0","15,849.0","15,854.0","15,849.0","","-0.03%"
"29/05/2005","15,859.0","15,858.0","15,859.0","15,858.0","","0.08%"
"22/05/2005","15,846.0","15,841.0","15,846.0","15,841.0","","0.01%"
"15/05/2005","15,844.0","15,839.0","15,844.0","15,839.0","","0.07%"
"08/05/2005","15,833.0","15,832.0","15,833.0","15,832.0","","-0.10%"
"01/05/2005","15,849.0","15,848.0","15,849.0","15,848.0","","0.13%"
"24/04/2005","15,828.0","15,823.0","15,828.0","15,823.0","","0.02%"
"17/04/2005","15,825.0","15,820.0","15,825.0","15,820.0","","0.03%"
"10/04/2005","15,820.0","15,815.0","15,820.0","15,815.0","","-0.03%"
"03/04/2005","15,824.5","15,822.0","15,824.5","15,822.0","","0.07%"
"27/03/2005","15,813.0","15,808.0","15,813.0","15,808.0","","-0.08%"
"20/03/2005","15,825.0","15,824.0","15,825.0","15,824.0","","0.03%"
"13/03/2005","15,820.0","15,815.0","15,820.0","15,815.0","","0.13%"
"06/03/2005","15,799.0","15,794.0","15,799.0","15,794.0","","-0.04%"
"27/02/2005","15,805.0","15,800.0","15,805.0","15,800.0","","0.08%"
"20/02/2005","15,793.0","15,788.0","15,793.0","15,788.0","","0.00%"
"13/02/2005","15,793.0","15,788.0","15,793.0","15,788.0","","-0.08%"
"06/02/2005","15,805.0","15,800.0","15,805.0","15,800.0","","0.03%"
"30/01/2005","15,800.0","15,795.0","15,800.0","15,795.0","","0.06%"
"23/01/2005","15,791.0","15,786.0","15,791.0","15,786.0","","0.01%"
"16/01/2005","15,790.0","15,785.0","15,790.0","15,785.0","","0.10%"
"09/01/2005","15,775.0","15,770.0","15,775.0","15,770.0","","-0.09%"
"02/01/2005","15,790.0","15,785.0","15,790.0","15,785.0","","0.11%"
"26/12/2004","15,773.0","15,768.0","15,773.0","15,768.0","","-0.01%"
"19/12/2004","15,775.0","15,770.0","15,775.0","15,770.0","","0.03%"
"12/12/2004","15,771.0","15,766.0","15,771.0","15,766.0","","-0.03%"
"05/12/2004","15,776.0","15,771.0","15,776.0","15,771.0","","-0.06%"
"28/11/2004","15,785.0","15,780.0","15,785.0","15,780.0","","0.03%"
"21/11/2004","15,781.0","15,776.0","15,781.0","15,776.0","","0.13%"
"14/11/2004","15,761.0","15,756.0","15,761.0","15,756.0","","0.01%"
"07/11/2004","15,759.0","15,754.0","15,759.0","15,754.0","","0.06%"
"31/10/2004","15,750.0","15,745.0","15,750.0","15,745.0","","0.00%"
"24/10/2004","15,750.0","15,745.0","15,750.0","15,745.0","","0.00%"
"17/10/2004","15,750.0","15,745.0","15,750.0","15,745.0","","-0.07%"
"10/10/2004","15,761.0","15,756.0","15,761.0","15,756.0","","0.01%"
"03/10/2004","15,760.0","15,755.0","15,760.0","15,755.0","","0.06%"
"26/09/2004","15,750.0","15,745.0","15,750.0","15,745.0","","-0.03%"
"19/09/2004","15,755.0","15,750.0","15,755.0","15,750.0","","0.09%"
"12/09/2004","15,741.0","15,736.0","15,741.0","15,736.0","","-0.07%"
"05/09/2004","15,752.0","15,750.0","15,752.0","15,750.0","","-0.12%"
"29/08/2004","15,771.5","15,769.0","15,771.5","15,769.0","","0.01%"
"22/08/2004","15,770.5","15,768.0","15,770.5","15,768.0","","0.06%"
"15/08/2004","15,760.5","15,758.0","15,760.5","15,758.0","","0.07%"
"08/08/2004","15,750.0","15,745.0","15,750.0","15,745.0","","-0.09%"
"01/08/2004","15,764.5","15,762.0","15,764.5","15,762.0","","0.10%"
"25/07/2004","15,748.0","15,743.0","15,748.0","15,743.0","","0.07%"
"18/07/2004","15,737.0","15,732.0","15,737.0","15,732.0","","0.05%"
"11/07/2004","15,728.5","15,726.0","15,728.5","15,726.0","","0.05%"
"04/07/2004","15,720.5","15,718.0","15,720.5","15,718.0","","-0.09%"
"27/06/2004","15,734.0","15,729.0","15,734.0","15,729.0","","0.00%"
"20/06/2004","15,734.5","15,732.0","15,734.5","15,732.0","","0.08%"
"13/06/2004","15,721.5","15,719.0","15,721.5","15,719.0","","-0.05%"
"06/06/2004","15,729.0","15,724.0","15,729.0","15,724.0","","-0.07%"
"30/05/2004","15,740.0","15,735.0","15,740.0","15,735.0","","-0.03%"
"23/05/2004","15,744.0","15,739.0","15,744.0","15,739.0","","-0.16%"
"16/05/2004","15,769.5","15,767.0","15,769.5","15,767.0","","0.20%"
"09/05/2004","15,737.5","15,735.0","15,737.5","15,735.0","","0.05%"
"02/05/2004","15,730.0","15,725.0","15,730.0","15,725.0","","0.08%"
"25/04/2004","15,717.5","15,713.0","15,717.5","15,713.0","","-0.03%"
"18/04/2004","15,721.5","15,717.0","15,721.5","15,717.0","","0.00%"
"11/04/2004","15,722.0","15,720.0","15,722.0","15,720.0","","-0.09%"
"04/04/2004","15,735.5","15,733.0","15,735.5","15,733.0","","-0.01%"
"28/03/2004","15,737.5","15,735.0","15,737.5","15,735.0","","-0.09%"
"21/03/2004","15,751.0","15,749.0","15,751.0","15,749.0","","0.08%"
"14/03/2004","15,738.0","15,736.0","15,738.0","15,736.0","","-0.20%"
"07/03/2004","15,769.0","15,767.0","15,769.0","15,767.0","","-0.06%"
"29/02/2004","15,778.0","15,773.0","15,778.0","15,773.0","","0.15%"
"22/02/2004","15,754.0","15,749.0","15,754.0","15,749.0","","0.11%"
"15/02/2004","15,737.0","15,735.0","15,737.0","15,735.0","","0.13%"
"08/02/2004","15,717.0","15,715.0","15,717.0","15,715.0","","0.03%"
"01/02/2004","15,713.0","15,711.0","15,713.0","15,711.0","","0.11%"
"25/01/2004","15,695.0","15,693.0","15,695.0","15,693.0","","0.17%"
"18/01/2004","15,669.0","15,665.0","15,669.0","15,665.0","","0.01%"
"11/01/2004","15,668.0","15,666.0","15,668.0","15,666.0","","0.03%"
"04/01/2004","15,663.0","15,659.0","15,663.0","15,659.0","","0.12%"
"28/12/2003","15,644.0","15,639.0","15,644.0","15,639.0","","-0.09%"
"21/12/2003","15,658.0","15,653.0","15,658.0","15,653.0","","-0.04%"
"14/12/2003","15,664.0","15,662.0","15,664.0","15,662.0","","0.17%"
"07/12/2003","15,637.0","15,635.0","15,637.0","15,635.0","","0.16%"
"30/11/2003","15,612.0","15,610.0","15,612.0","15,610.0","","-0.09%"
"23/11/2003","15,626.0","15,621.0","15,626.0","15,621.0","","-0.11%"
"16/11/2003","15,643.5","15,639.0","15,643.5","15,639.0","","0.02%"
"09/11/2003","15,641.0","15,636.0","15,641.0","15,636.0","","0.06%"
"02/11/2003","15,632.0","15,630.0","15,632.0","15,630.0","","-0.06%"
"26/10/2003","15,642.0","15,637.0","15,642.0","15,637.0","","0.37%"
"19/10/2003","15,584.0","15,579.0","15,584.0","15,579.0","","0.27%"
"12/10/2003","15,542.0","15,537.0","15,542.0","15,537.0","","-0.12%"
"05/10/2003","15,560.0","15,558.0","15,560.0","15,558.0","","0.02%"
"28/09/2003","15,556.5","15,554.0","15,556.5","15,554.0","","0.04%"
"21/09/2003","15,551.0","15,549.0","15,551.0","15,549.0","","0.01%"
"14/09/2003","15,550.0","15,548.0","15,550.0","15,548.0","","0.15%"
"07/09/2003","15,526.0","15,524.0","15,526.0","15,524.0","","0.02%"
"31/08/2003","15,523.5","15,519.0","15,523.5","15,519.0","","0.02%"
"24/08/2003","15,520.0","15,516.0","15,520.0","15,516.0","","0.09%"
"17/08/2003","15,506.5","15,502.0","15,506.5","15,502.0","","-0.06%"
"10/08/2003","15,516.5","15,512.0","15,516.5","15,512.0","","0.00%"
"03/08/2003","15,517.0","15,512.0","15,517.0","15,512.0","","-0.02%"
"27/07/2003","15,519.5","15,515.0","15,519.5","15,515.0","","0.07%"
"20/07/2003","15,509.0","15,504.0","15,509.0","15,504.0","","-0.03%"
"13/07/2003","15,513.0","15,508.0","15,513.0","15,508.0","","0.06%"
"06/07/2003","15,503.5","15,499.0","15,503.5","15,499.0","","0.00%"
"29/06/2003","15,503.0","15,501.0","15,503.0","15,501.0","","0.05%"
"22/06/2003","15,494.5","15,490.0","15,494.5","15,490.0","","0.04%"
"15/06/2003","15,489.0","15,484.0","15,489.0","15,484.0","","0.03%"
"08/06/2003","15,484.5","15,480.0","15,484.5","15,480.0","","0.04%"
"01/06/2003","15,479.0","15,474.0","15,479.0","15,474.0","","0.04%"
"25/05/2003","15,473.5","15,469.0","15,473.5","15,469.0","","0.04%"
"18/05/2003","15,468.0","15,463.0","15,468.0","15,463.0","","0.01%"
"11/05/2003","15,467.0","15,462.0","15,467.0","15,462.0","","0.02%"
"04/05/2003","15,464.5","15,460.0","15,464.5","15,460.0","","-0.01%"
"27/04/2003","15,466.0","15,461.0","15,466.0","15,461.0","","0.00%"
"20/04/2003","15,466.0","15,461.0","15,466.0","15,461.0","","0.04%"
"13/04/2003","15,459.5","15,455.0","15,459.5","15,455.0","","0.00%"
"06/04/2003","15,459.0","15,455.0","15,459.0","15,455.0","","0.04%"
"30/03/2003","15,453.0","15,449.0","15,453.0","15,449.0","","0.02%"
"23/03/2003","15,450.0","15,445.0","15,450.0","15,445.0","","0.00%"
"16/03/2003","15,450.5","15,447.0","15,450.5","15,447.0","","0.07%"
"09/03/2003","15,440.0","15,437.0","15,440.0","15,437.0","","0.05%"
"02/03/2003","15,432.0","15,427.0","15,432.0","15,427.0","","0.02%"
"23/02/2003","15,429.5","15,426.0","15,429.5","15,426.0","","0.00%"
"16/02/2003","15,429.5","15,426.0","15,429.5","15,426.0","","-0.05%"
"09/02/2003","15,437.5","15,434.0","15,437.5","15,434.0","","0.03%"
"02/02/2003","15,432.5","15,429.0","15,432.5","15,429.0","","0.01%"
"26/01/2003","15,431.0","15,426.0","15,431.0","15,426.0","","0.05%"
"19/01/2003","15,424.0","15,420.0","15,424.0","15,420.0","","0.00%"
"12/01/2003","15,424.5","15,421.0","15,424.5","15,421.0","","0.10%"
"05/01/2003","15,408.5","15,404.0","15,408.5","15,404.0","","0.04%"
"29/12/2002","15,403.0","15,398.0","15,403.0","15,398.0","","0.05%"
"22/12/2002","15,396.0","15,391.0","15,396.0","15,391.0","","-0.01%"
"15/12/2002","15,398.0","15,395.0","15,398.0","15,395.0","","0.03%"
"08/12/2002","15,394.0","15,390.0","15,394.0","15,390.0","","0.01%"
"01/12/2002","15,393.0","15,388.0","15,393.0","15,388.0","","0.06%"
"24/11/2002","15,383.5","15,380.0","15,383.5","15,380.0","","0.02%"
"17/11/2002","15,380.0","15,377.0","15,380.0","15,377.0","","0.05%"
"10/11/2002","15,373.0","15,368.0","15,373.0","15,368.0","","0.03%"
"03/11/2002","15,369.0","15,365.0","15,369.0","15,365.0","","0.05%"
"27/10/2002","15,362.0","15,358.0","15,362.0","15,358.0","","-0.01%"
"20/10/2002","15,363.5","15,359.0","15,363.5","15,359.0","","0.07%"
"13/10/2002","15,353.5","15,349.0","15,353.5","15,349.0","","0.00%"
"06/10/2002","15,353.0","15,348.0","15,353.0","15,348.0","","0.05%"
"29/09/2002","15,345.0","15,340.0","15,345.0","15,340.0","","0.02%"
"22/09/2002","15,341.5","15,338.0","15,341.5","15,338.0","","0.01%"
"15/09/2002","15,340.5","15,337.0","15,340.5","15,337.0","","0.05%"
"08/09/2002","15,333.5","15,329.0","15,333.5","15,329.0","","0.05%"
"01/09/2002","15,326.5","15,322.0","15,326.5","15,322.0","","-0.02%"
"25/08/2002","15,330.0","15,325.0","15,330.0","15,325.0","","-0.02%"
"18/08/2002","15,333.5","15,329.0","15,333.5","15,329.0","","0.07%"
"11/08/2002","15,322.5","15,319.0","15,322.5","15,319.0","","-0.04%"
"04/08/2002","15,328.5","15,325.0","15,328.5","15,325.0","","0.04%"
"28/07/2002","15,323.0","15,318.0","15,323.0","15,318.0","","0.07%"
"21/07/2002","15,313.0","15,308.0","15,313.0","15,308.0","","0.06%"
"14/07/2002","15,304.0","15,300.0","15,304.0","15,300.0","","0.05%"
"07/07/2002","15,297.0","15,296.0","15,297.0","15,296.0","","0.01%"
"30/06/2002","15,295.0","15,293.0","15,295.0","15,293.0","","0.14%"
"23/06/2002","15,274.0","15,273.0","15,274.0","15,273.0","","0.04%"
"16/06/2002","15,268.0","15,266.0","15,268.0","15,266.0","","0.04%"
"09/06/2002","15,262.5","15,260.0","15,262.5","15,260.0","","0.01%"
"02/06/2002","15,260.5","15,258.0","15,260.5","15,258.0","","0.07%"
"26/05/2002","15,249.5","15,247.0","15,249.5","15,247.0","","0.01%"
"19/05/2002","15,247.5","15,245.0","15,247.5","15,245.0","","-0.01%"
"12/05/2002","15,249.0","15,248.0","15,249.0","15,248.0","","0.06%"
"05/05/2002","15,240.5","15,238.0","15,240.5","15,238.0","","0.11%"
"28/04/2002","15,224.0","15,223.0","15,224.0","15,223.0","","0.01%"
"21/04/2002","15,222.5","15,222.0","15,222.5","15,222.0","","0.02%"
"14/04/2002","15,219.5","15,217.0","15,219.5","15,217.0","","0.02%"
"07/04/2002","15,217.0","15,216.0","15,217.0","15,216.0","","0.07%"
"31/03/2002","15,206.0","15,205.0","15,206.0","15,205.0","","0.11%"
"24/03/2002","15,190.0","15,189.0","15,190.0","15,189.0","","0.13%"
"17/03/2002","15,170.0","15,165.0","15,170.0","15,165.0","","0.08%"
"10/03/2002","15,157.5","15,155.0","15,157.5","15,155.0","","0.06%"
"03/03/2002","15,149.0","15,148.0","15,149.0","15,148.0","","0.05%"
"24/02/2002","15,141.0","15,139.0","15,141.0","15,139.0","","0.03%"
"17/02/2002","15,136.0","15,135.0","15,136.0","15,135.0","","0.06%"
"10/02/2002","15,127.0","15,126.0","15,127.0","15,126.0","","0.00%"
"03/02/2002","15,127.0","15,126.0","15,127.0","15,126.0","","0.01%"
"27/01/2002","15,125.0","15,124.0","15,125.0","15,124.0","","0.04%"
"20/01/2002","15,119.5","15,119.0","15,119.5","15,119.0","","0.09%"
"13/01/2002","15,106.0","15,104.0","15,106.0","15,104.0","","0.06%"
"06/01/2002","15,097.5","15,095.0","15,097.5","15,095.0","","0.06%"
"30/12/2001","15,088.0","15,086.0","15,088.0","15,086.0","","-0.12%"
"23/12/2001","15,106.0","15,079.0","15,106.0","15,079.0","","0.07%"
"16/12/2001","15,096.0","15,069.0","15,096.0","15,069.0","","0.07%"
"09/12/2001","15,086.0","15,059.0","15,086.0","15,059.0","","-0.03%"
"02/12/2001","15,091.0","15,064.0","15,091.0","15,064.0","","-0.01%"
"25/11/2001","15,092.0","15,065.0","15,092.0","15,065.0","","0.03%"
"18/11/2001","15,088.0","15,061.0","15,088.0","15,061.0","","0.05%"
"11/11/2001","15,081.0","15,054.0","15,081.0","15,054.0","","0.05%"
"04/11/2001","15,073.0","15,046.0","15,073.0","15,046.0","","0.07%"
"28/10/2001","15,062.0","15,035.0","15,062.0","15,035.0","","0.05%"
"21/10/2001","15,054.0","15,027.0","15,054.0","15,027.0","","0.02%"
"14/10/2001","15,051.0","15,024.0","15,051.0","15,024.0","","0.02%"
"07/10/2001","15,048.0","15,021.0","15,048.0","15,021.0","","0.07%"
"30/09/2001","15,037.0","15,010.0","15,037.0","15,010.0","","0.06%"
"23/09/2001","15,028.0","15,001.0","15,028.0","15,001.0","","0.04%"
"16/09/2001","15,022.0","14,995.0","15,022.0","14,995.0","","0.15%"
"09/09/2001","15,000.0","14,998.0","15,000.0","14,998.0","","-0.18%"
"02/09/2001","15,027.0","15,000.0","15,027.0","15,000.0","","0.06%"
"26/08/2001","15,018.0","14,991.0","15,018.0","14,991.0","","0.06%"
"19/08/2001","15,009.0","14,982.0","15,009.0","14,982.0","","-0.03%"
"12/08/2001","15,014.0","14,987.0","15,014.0","14,987.0","","0.09%"
"05/08/2001","15,001.0","14,974.0","15,001.0","14,974.0","","0.14%"
"29/07/2001","14,980.0","14,953.0","14,980.0","14,953.0","","0.13%"
"22/07/2001","14,960.0","14,933.0","14,960.0","14,933.0","","0.16%"
"15/07/2001","14,936.0","14,909.0","14,936.0","14,909.0","","0.13%"
"08/07/2001","14,917.0","14,890.0","14,917.0","14,890.0","","0.19%"
"01/07/2001","14,888.0","14,861.0","14,888.0","14,861.0","","0.13%"
"24/06/2001","14,869.0","14,842.0","14,869.0","14,842.0","","0.15%"
"17/06/2001","14,846.0","14,819.0","14,846.0","14,819.0","","0.30%"
"10/06/2001","14,801.0","14,774.0","14,801.0","14,774.0","","0.37%"
"03/06/2001","14,746.0","14,719.0","14,746.0","14,719.0","","0.31%"
"27/05/2001","14,700.0","14,673.0","14,700.0","14,673.0","","0.31%"
"20/05/2001","14,654.0","14,627.0","14,654.0","14,627.0","","0.16%"
"13/05/2001","14,631.0","14,604.0","14,631.0","14,604.0","","0.12%"
"06/05/2001","14,613.0","14,586.0","14,613.0","14,586.0","","0.14%"
"29/04/2001","14,593.0","14,566.0","14,593.0","14,566.0","","0.01%"
"22/04/2001","14,591.0","14,564.0","14,591.0","14,564.0","","0.03%"
"15/04/2001","14,586.0","14,559.0","14,586.0","14,559.0","","-3.14%"
"08/04/2001","15,059.0","14,559.0","15,059.0","14,559.0","","3.33%"
"01/04/2001","14,573.0","14,546.0","14,573.0","14,546.0","","0.03%"
"25/03/2001","14,569.0","14,542.0","14,569.0","14,542.0","","-0.01%"
"18/03/2001","14,571.0","14,544.0","14,571.0","14,544.0","","-0.02%"
"11/03/2001","14,574.0","14,547.0","14,574.0","14,547.0","","-0.04%"
"04/03/2001","14,580.0","14,553.0","14,580.0","14,553.0","","-0.03%"
"25/02/2001","14,585.0","14,558.0","14,585.0","14,558.0","","-0.05%"
"18/02/2001","14,592.0","14,565.0","14,592.0","14,565.0","","0.07%"
"11/02/2001","14,582.5","14,556.0","14,582.5","14,556.0","","0.03%"
"04/02/2001","14,578.0","14,551.0","14,578.0","14,551.0","","0.07%"
"28/01/2001","14,568.0","14,541.0","14,568.0","14,541.0","","0.00%"
"21/01/2001","14,568.0","14,541.0","14,568.0","14,541.0","","0.00%"
"14/01/2001","14,568.0","14,541.0","14,568.0","14,541.0","","0.12%"
"07/01/2001","14,551.0","14,524.0","14,551.0","14,524.0","","0.03%"
"31/12/2000","14,547.0","14,520.0","14,547.0","14,520.0","","0.06%"
"24/12/2000","14,539.0","14,512.0","14,539.0","14,512.0","","0.04%"
"17/12/2000","14,533.0","14,506.0","14,533.0","14,506.0","","-0.02%"
"10/12/2000","14,536.0","14,509.0","14,536.0","14,509.0","","0.01%"
"03/12/2000","14,535.0","14,508.0","14,535.0","14,508.0","","0.08%"
"26/11/2000","14,523.0","14,496.0","14,523.0","14,496.0","","0.15%"
"19/11/2000","14,501.0","14,474.0","14,501.0","14,474.0","","0.10%"
"12/11/2000","14,486.0","14,459.0","14,486.0","14,459.0","","0.19%"
"05/11/2000","14,459.0","14,432.0","14,459.0","14,432.0","","0.24%"
"29/10/2000","14,425.0","14,398.0","14,425.0","14,398.0","","0.26%"
"22/10/2000","14,387.0","14,360.0","14,387.0","14,360.0","","0.17%"
"15/10/2000","14,362.0","14,335.0","14,362.0","14,335.0","","-1.79%"
"08/10/2000","14,624.0","14,248.0","14,624.0","14,248.0","","0.00%"
"01/10/2000","14,624.0","14,248.0","14,624.0","14,248.0","","2.88%"
"24/09/2000","14,214.0","14,212.0","14,214.0","14,212.0","","0.24%"
"17/09/2000","14,180.0","14,178.0","14,180.0","14,178.0","","0.23%"
"10/09/2000","14,148.0","14,146.0","14,148.0","14,146.0","","0.10%"
"03/09/2000","14,134.0","14,133.0","14,134.0","14,133.0","","0.10%"
"27/08/2000","14,120.0","14,118.0","14,120.0","14,118.0","","0.06%"
"20/08/2000","14,112.0","14,110.0","14,112.0","14,110.0","","0.03%"
"13/08/2000","14,108.0","14,107.0","14,108.0","14,107.0","","0.05%"
"06/08/2000","14,101.0","14,099.0","14,101.0","14,099.0","","0.04%"
"30/07/2000","14,096.0","14,094.0","14,096.0","14,094.0","","0.03%"
"23/07/2000","14,092.0","14,090.0","14,092.0","14,090.0","","-0.01%"
"16/07/2000","14,094.0","14,092.0","14,094.0","14,092.0","","0.03%"
"09/07/2000","14,090.0","14,088.0","14,090.0","14,088.0","","0.02%"
"02/07/2000","14,087.5","14,086.0","14,087.5","14,086.0","","0.03%"
"25/06/2000","14,083.0","14,081.0","14,083.0","14,081.0","","-0.02%"
"18/06/2000","14,086.0","14,084.0","14,086.0","14,084.0","","0.01%"
"11/06/2000","14,085.0","14,083.0","14,085.0","14,083.0","","0.01%"
"04/06/2000","14,083.0","14,081.0","14,083.0","14,081.0","","0.01%"
"28/05/2000","14,081.5","14,081.0","14,081.5","14,081.0","","0.00%"
"21/05/2000","14,082.0","14,080.0","14,082.0","14,080.0","","0.04%"
"14/05/2000","14,077.0","14,076.0","14,077.0","14,076.0","","0.02%"
"07/05/2000","14,074.0","14,073.0","14,074.0","14,073.0","","0.02%"
"30/04/2000","14,071.0","14,069.0","14,071.0","14,069.0","","0.02%"
"23/04/2000","14,068.0","14,065.0","14,068.0","14,065.0","","0.01%"
"16/04/2000","14,067.0","14,066.0","14,067.0","14,066.0","","0.04%"
"09/04/2000","14,062.0","14,060.0","14,062.0","14,060.0","","0.04%"
"02/04/2000","14,057.0","14,055.0","14,057.0","14,055.0","","-0.03%"
"26/03/2000","14,061.0","14,059.0","14,061.0","14,059.0","","0.00%"
"19/03/2000","14,061.0","14,059.0","14,061.0","14,059.0","","-0.02%"
"12/03/2000","14,064.5","14,064.0","14,064.5","14,064.0","","0.02%"
"05/03/2000","14,061.5","14,061.0","14,061.5","14,061.0","","0.05%"
"27/02/2000","14,055.0","14,054.0","14,055.0","14,054.0","","-0.01%"
"20/02/2000","14,057.0","14,055.0","14,057.0","14,055.0","","-0.02%"
"13/02/2000","14,060.5","14,060.0","14,060.5","14,060.0","","0.02%"
"06/02/2000","14,057.0","14,055.0","14,057.0","14,055.0","","0.00%"
"30/01/2000","14,057.0","14,055.0","14,057.0","14,055.0","","0.02%"
"23/01/2000","14,053.5","14,053.0","14,053.5","14,053.0","","0.07%"
"16/01/2000","14,044.0","14,042.0","14,044.0","14,042.0","","0.02%"
"09/01/2000","14,040.5","14,039.0","14,040.5","14,039.0","","0.05%"
"02/01/2000","14,034.0","14,032.0","14,034.0","14,032.0","","0.04%"
"26/12/1999","14,028.5","14,027.0","14,028.5","14,027.0","","0.03%"
"19/12/1999","14,024.0","14,023.0","14,024.0","14,023.0","","0.02%"
"12/12/1999","14,021.0","14,020.0","14,021.0","14,020.0","","0.03%"
"05/12/1999","14,017.0","14,015.0","14,017.0","14,015.0","","0.01%"
"28/11/1999","14,016.0","14,015.0","14,016.0","14,015.0","","0.02%"
"21/11/1999","14,013.5","14,012.0","14,013.5","14,012.0","","0.02%"
"14/11/1999","14,010.0","14,007.0","14,010.0","14,007.0","","-0.01%"
"07/11/1999","14,012.0","14,011.0","14,012.0","14,011.0","","-0.01%"
"31/10/1999","14,013.5","14,012.0","14,013.5","14,012.0","","0.03%"
"24/10/1999","14,009.5","14,008.0","14,009.5","14,008.0","","0.02%"
"17/10/1999","14,007.0","14,005.0","14,007.0","14,005.0","","0.04%"
"10/10/1999","14,001.5","14,000.0","14,001.5","14,000.0","","0.03%"
"03/10/1999","13,997.5","13,995.0","13,997.5","13,995.0","","0.02%"
"26/09/1999","13,994.5","13,994.0","13,994.5","13,994.0","","0.00%"
"19/09/1999","13,994.0","13,990.0","13,994.0","13,990.0","","0.15%"
"12/09/1999","13,972.5","13,970.0","13,972.5","13,970.0","","0.02%"
"05/09/1999","13,970.0","13,968.0","13,970.0","13,968.0","","0.05%"
"29/08/1999","13,963.0","13,961.0","13,963.0","13,961.0","","0.01%"
"22/08/1999","13,961.5","13,958.0","13,961.5","13,958.0","","0.04%"
"15/08/1999","13,955.5","13,953.0","13,955.5","13,953.0","","-0.02%"
"08/08/1999","13,958.5","13,954.0","13,958.5","13,954.0","","0.03%"
"01/08/1999","13,954.5","13,952.0","13,954.5","13,952.0","","0.05%"
"25/07/1999","13,948.0","13,946.0","13,948.0","13,946.0","","-0.02%"
"18/07/1999","13,950.5","13,948.0","13,950.5","13,948.0","","0.01%"
"11/07/1999","13,949.0","13,948.0","13,949.0","13,948.0","","0.04%"
"04/07/1999","13,943.0","13,941.0","13,943.0","13,941.0","","0.05%"
"27/06/1999","13,935.5","13,933.0","13,935.5","13,933.0","","0.06%"
"20/06/1999","13,927.5","13,925.0","13,927.5","13,925.0","","0.08%"
"13/06/1999","13,916.5","13,914.0","13,916.5","13,914.0","","0.02%"
"06/06/1999","13,913.5","13,911.0","13,913.5","13,911.0","","0.02%"
"30/05/1999","13,911.0","13,904.0","13,911.0","13,904.0","","-0.03%"
"23/05/1999","13,915.0","13,912.0","13,915.0","13,912.0","","0.01%"
"16/05/1999","13,913.5","13,911.0","13,913.5","13,911.0","","0.03%"
"09/05/1999","13,909.0","13,907.0","13,909.0","13,907.0","","0.00%"
"02/05/1999","13,908.5","13,906.0","13,908.5","13,906.0","","0.00%"
"25/04/1999","13,908.5","13,907.0","13,908.5","13,907.0","","0.06%"
"18/04/1999","13,900.5","13,894.0","13,900.5","13,894.0","","-0.04%"
"11/04/1999","13,905.5","13,905.0","13,905.5","13,905.0","","0.00%"
"04/04/1999","13,905.5","13,905.0","13,905.5","13,905.0","","0.03%"
"28/03/1999","13,901.5","13,899.0","13,901.5","13,899.0","","-0.01%"
"21/03/1999","13,902.5","13,900.0","13,902.5","13,900.0","","0.00%"
"14/03/1999","13,902.5","13,902.0","13,902.5","13,902.0","","0.01%"
"07/03/1999","13,900.5","13,898.0","13,900.5","13,898.0","","0.05%"
"28/02/1999","13,894.0","13,888.0","13,894.0","13,888.0","","0.01%"
"21/02/1999","13,892.0","13,890.0","13,892.0","13,890.0","","0.07%"
"14/02/1999","13,882.0","13,881.0","13,882.0","13,881.0","","0.00%"
"07/02/1999","13,881.5","13,880.0","13,881.5","13,880.0","","0.03%"
"31/01/1999","13,878.0","13,874.0","13,878.0","13,874.0","","-0.01%"
"24/01/1999","13,880.0","13,877.0","13,880.0","13,877.0","","-0.04%"
"17/01/1999","13,885.0","13,882.0","13,885.0","13,882.0","","0.00%"
"10/01/1999","13,885.0","13,884.0","13,885.0","13,884.0","","0.32%"
"03/01/1999","13,841.0","13,791.0","13,841.0","13,791.0","","-0.37%"
"27/12/1998","13,893.0","13,892.0","13,893.0","13,892.0","","0.02%"
"20/12/1998","13,890.0","13,888.0","13,890.0","13,888.0","","-0.02%"
"13/12/1998","13,893.0","13,892.0","13,893.0","13,892.0","","0.04%"
"06/12/1998","13,887.0","13,877.0","13,887.0","13,877.0","","-0.05%"
"29/11/1998","13,893.5","13,893.0","13,893.5","13,893.0","","0.05%"
"22/11/1998","13,886.0","13,876.0","13,886.0","13,876.0","","-0.01%"
"15/11/1998","13,887.0","13,877.0","13,887.0","13,877.0","","-0.07%"
"08/11/1998","13,897.0","13,896.0","13,897.0","13,896.0","","-0.01%"
"01/11/1998","13,899.0","13,898.0","13,899.0","13,898.0","","-0.05%"
"25/10/1998","13,906.0","13,904.0","13,906.0","13,904.0","","0.00%"
"18/10/1998","13,906.0","13,904.0","13,906.0","13,904.0","","0.01%"
"11/10/1998","13,904.0","13,900.0","13,904.0","13,900.0","","0.00%"
"04/10/1998","13,904.0","13,900.0","13,904.0","13,900.0","","0.00%"
"27/09/1998","13,904.0","13,900.0","13,904.0","13,900.0","","0.00%"
"20/09/1998","13,904.0","13,900.0","13,904.0","13,900.0","","-0.03%"
"13/09/1998","13,907.5","13,907.0","13,907.5","13,907.0","","0.00%"
"06/09/1998","13,907.5","13,907.0","13,907.5","13,907.0","","0.00%"
"30/08/1998","13,907.5","13,907.0","13,907.5","13,907.0","","0.00%"
"23/08/1998","13,907.5","13,907.0","13,907.5","13,907.0","","0.00%"
"16/08/1998","13,907.0","13,906.0","13,907.0","13,906.0","","0.00%"
"09/08/1998","13,906.5","13,905.0","13,906.5","13,905.0","","0.04%"
"02/08/1998","13,901.5","13,895.0","13,901.5","13,895.0","","6.98%"
"26/07/1998","12,994.0","12,993.0","12,994.0","12,993.0","","0.02%"
"19/07/1998","12,992.0","12,991.0","12,992.0","12,991.0","","0.02%"
"12/07/1998","12,989.5","12,989.0","12,989.5","12,989.0","","0.02%"
"05/07/1998","12,986.5","12,984.0","12,986.5","12,984.0","","0.02%"
"28/06/1998","12,984.0","12,981.0","12,984.0","12,981.0","","-0.02%"
"21/06/1998","12,987.0","12,986.0","12,987.0","12,986.0","","0.02%"
"14/06/1998","12,985.0","12,983.0","12,985.0","12,983.0","","0.00%"
"07/06/1998","12,985.0","12,982.0","12,985.0","12,982.0","","0.00%"
"31/05/1998","12,985.5","12,985.0","12,985.5","12,985.0","","0.02%"
"24/05/1998","12,983.0","12,982.0","12,983.0","12,982.0","","0.02%"
"17/05/1998","12,981.0","12,975.0","12,981.0","12,975.0","","-0.01%"
"10/05/1998","12,982.0","12,980.0","12,982.0","12,980.0","","0.01%"
"03/05/1998","12,980.5","12,978.0","12,980.5","12,978.0","","-0.03%"
"26/04/1998","12,984.5","12,982.0","12,984.5","12,982.0","","0.02%"
"19/04/1998","12,982.0","12,980.0","12,982.0","12,980.0","","-0.05%"
"12/04/1998","12,989.0","12,987.0","12,989.0","12,987.0","","0.02%"
"05/04/1998","12,986.0","12,984.0","12,986.0","12,984.0","","0.05%"
"29/03/1998","12,979.0","12,974.0","12,979.0","12,974.0","","-0.02%"
"22/03/1998","12,981.0","12,979.0","12,981.0","12,979.0","","0.00%"
"15/03/1998","12,981.5","12,979.0","12,981.5","12,979.0","","0.01%"
"08/03/1998","12,980.0","12,978.0","12,980.0","12,978.0","","0.03%"
"01/03/1998","12,976.5","12,975.0","12,976.5","12,975.0","","0.03%"
"22/02/1998","12,973.0","12,968.0","12,973.0","12,968.0","","-0.04%"
"15/02/1998","12,978.5","12,976.0","12,978.5","12,976.0","","5.59%"
"08/02/1998","12,291.0","12,289.0","12,291.0","12,289.0","","0.00%"
"01/02/1998","12,291.0","12,289.0","12,291.0","12,289.0","","0.00%"
"25/01/1998","12,290.5","12,288.0","12,290.5","12,288.0","","0.00%"
"18/01/1998","12,290.5","12,288.0","12,290.5","12,288.0","","-0.01%"
"11/01/1998","12,292.0","12,291.0","12,292.0","12,291.0","","0.00%"
"04/01/1998","12,291.5","12,290.0","12,291.5","12,290.0","","0.00%"
"28/12/1997","12,292.0","12,291.0","12,292.0","12,291.0","","0.00%"
"21/12/1997","12,292.0","12,291.0","12,292.0","12,291.0","","0.03%"
"14/12/1997","12,288.0","12,283.0","12,288.0","12,283.0","","-0.03%"
"07/12/1997","12,291.5","12,290.0","12,291.5","12,290.0","","-0.01%"
"30/11/1997","12,292.5","12,292.0","12,292.5","12,292.0","","0.05%"
"23/11/1997","12,286.5","12,286.0","12,286.5","12,286.0","","0.35%"
"16/11/1997","12,244.0","12,238.0","12,244.0","12,238.0","","0.48%"
"09/11/1997","12,185.0","12,180.0","12,185.0","12,180.0","","-0.17%"
"02/11/1997","12,206.0","12,200.0","12,206.0","12,200.0","","-0.32%"
"26/10/1997","12,245.0","12,240.0","12,245.0","12,240.0","","-0.42%"
"19/10/1997","12,297.0","12,296.0","12,297.0","12,296.0","","4.03%"
"12/10/1997","11,821.0","11,815.0","11,821.0","11,815.0","","0.78%"
"05/10/1997","11,729.5","11,726.0","11,729.5","11,726.0","","0.04%"
"28/09/1997","11,724.5","11,724.0","11,724.5","11,724.0","","0.06%"
"21/09/1997","11,717.5","11,716.0","11,717.5","11,716.0","","0.08%"
"14/09/1997","11,708.5","11,705.0","11,708.5","11,705.0","","0.05%"
"07/09/1997","11,702.5","11,700.0","11,702.5","11,700.0","","0.05%"
"31/08/1997","11,697.0","11,694.0","11,697.0","11,694.0","","0.00%"
"24/08/1997","11,697.0","11,694.0","11,697.0","11,694.0","","0.03%"
"17/08/1997","11,693.0","11,690.0","11,693.0","11,690.0","","0.01%"
"10/08/1997","11,692.0","11,689.0","11,692.0","11,689.0","","0.05%"
"03/08/1997","11,686.0","11,684.0","11,686.0","11,684.0","","0.03%"
"27/07/1997","11,682.5","11,680.0","11,682.5","11,680.0","","0.00%"
"20/07/1997","11,682.5","11,680.0","11,682.5","11,680.0","","0.06%"
"13/07/1997","11,675.5","11,673.0","11,675.5","11,673.0","","0.02%"
"06/07/1997","11,673.5","11,670.0","11,673.5","11,670.0","","0.01%"
"29/06/1997","11,672.5","11,670.0","11,672.5","11,670.0","","0.06%"
"22/06/1997","11,666.0","11,661.0","11,666.0","11,661.0","","0.03%"
"15/06/1997","11,662.0","11,658.0","11,662.0","11,658.0","","-0.02%"
"08/06/1997","11,664.0","11,659.0","11,664.0","11,659.0","","0.03%"
"01/06/1997","11,660.0","11,655.0","11,660.0","11,655.0","","0.00%"
"25/05/1997","11,660.0","11,655.0","11,660.0","11,655.0","","0.01%"
"18/05/1997","11,659.0","11,654.0","11,659.0","11,654.0","","0.04%"
"11/05/1997","11,654.5","11,649.0","11,654.5","11,649.0","","-0.03%"
"04/05/1997","11,658.0","11,654.0","11,658.0","11,654.0","","0.02%"
"27/04/1997","11,656.0","11,652.0","11,656.0","11,652.0","","0.00%"
"20/04/1997","11,656.5","11,653.0","11,656.5","11,653.0","","0.00%"
"13/04/1997","11,656.5","11,653.0","11,656.5","11,653.0","","0.04%"
"06/04/1997","11,651.5","11,646.0","11,651.5","11,646.0","","0.01%"
"30/03/1997","11,650.5","11,645.0","11,650.5","11,645.0","","0.01%"
"23/03/1997","11,649.5","11,644.0","11,649.5","11,644.0","","0.12%"
"16/03/1997","11,635.0","11,620.0","11,635.0","11,620.0","","-0.09%"
"09/03/1997","11,645.5","11,640.0","11,645.5","11,640.0","","2.02%"
"02/03/1997","11,415.0","11,410.0","11,415.0","11,410.0","","1.88%"
"23/02/1997","11,204.5","11,201.0","11,204.5","11,201.0","","0.15%"
"16/02/1997","11,187.5","11,182.0","11,187.5","11,182.0","","0.08%"
"09/02/1997","11,179.0","11,174.0","11,179.0","11,174.0","","0.00%"
"02/02/1997","11,178.5","11,173.0","11,178.5","11,173.0","","-0.04%"
"26/01/1997","11,182.5","11,177.0","11,182.5","11,177.0","","0.04%"
"19/01/1997","11,178.5","11,173.0","11,178.5","11,173.0","","-0.04%"
"12/01/1997","11,183.0","11,180.0","11,183.0","11,180.0","","0.13%"
"05/01/1997","11,168.0","11,163.0","11,168.0","11,163.0","","0.07%"
"29/12/1996","11,160.0","11,155.0","11,160.0","11,155.0","","0.11%"
"22/12/1996","11,147.5","11,142.0","11,147.5","11,142.0","","0.04%"
"15/12/1996","11,143.5","11,138.0","11,143.5","11,138.0","","0.02%"
"08/12/1996","11,141.0","11,136.0","11,141.0","11,136.0","","0.18%"
"01/12/1996","11,121.5","11,118.0","11,121.5","11,118.0","","0.24%"
"24/11/1996","11,094.5","11,089.0","11,094.5","11,089.0","","0.14%"
"17/11/1996","11,079.5","11,074.0","11,079.5","11,074.0","","0.03%"
"10/11/1996","11,076.5","11,071.0","11,076.5","11,071.0","","0.06%"
"03/11/1996","11,070.0","11,065.0","11,070.0","11,065.0","","0.05%"
"27/10/1996","11,065.0","11,060.0","11,065.0","11,060.0","","0.01%"
"20/10/1996","11,064.0","11,059.0","11,064.0","11,059.0","","-0.03%"
"13/10/1996","11,067.5","11,065.0","11,067.5","11,065.0","","0.09%"
"06/10/1996","11,057.0","11,052.0","11,057.0","11,052.0","","0.16%"
"29/09/1996","11,039.5","11,037.0","11,039.5","11,037.0","","0.11%"
"22/09/1996","11,027.5","11,025.0","11,027.5","11,025.0","","0.04%"
"15/09/1996","11,023.0","11,022.0","11,023.0","11,022.0","","0.05%"
"08/09/1996","11,018.0","11,015.0","11,018.0","11,015.0","","-0.01%"
"01/09/1996","11,019.5","11,017.0","11,019.5","11,017.0","","0.00%"
"25/08/1996","11,019.5","11,017.0","11,019.5","11,017.0","","0.00%"
"18/08/1996","11,019.5","11,015.0","11,019.5","11,015.0","","0.02%"
"11/08/1996","11,017.0","11,014.0","11,017.0","11,014.0","","0.00%"
"04/08/1996","11,017.0","11,014.0","11,017.0","11,014.0","","-0.01%"
"28/07/1996","11,018.0","11,014.0","11,018.0","11,014.0","","-0.02%"
"21/07/1996","11,020.0","11,018.0","11,020.0","11,018.0","","0.01%"
"14/07/1996","11,019.0","11,017.0","11,019.0","11,017.0","","0.02%"
"07/07/1996","11,016.5","11,014.0","11,016.5","11,014.0","","0.00%"
"30/06/1996","11,016.0","11,013.0","11,016.0","11,013.0","","0.02%"
"23/06/1996","11,014.0","11,012.0","11,014.0","11,012.0","","0.00%"
"16/06/1996","11,014.0","11,013.0","11,014.0","11,013.0","","0.00%"
"09/06/1996","11,013.5","11,011.0","11,013.5","11,011.0","","0.02%"
"02/06/1996","11,011.5","11,009.0","11,011.5","11,009.0","","0.00%"
"26/05/1996","11,011.5","11,009.0","11,011.5","11,009.0","","0.00%"
"19/05/1996","11,011.5","11,009.0","11,011.5","11,009.0","","-0.01%"
"12/05/1996","11,013.0","11,010.0","11,013.0","11,010.0","","0.00%"
"05/05/1996","11,013.0","11,010.0","11,013.0","11,010.0","","0.00%"
"28/04/1996","11,013.0","11,010.0","11,013.0","11,010.0","","0.00%"
"21/04/1996","11,013.0","11,010.0","11,013.0","11,010.0","","0.00%"
"14/04/1996","11,013.0","11,010.0","11,013.0","11,010.0","","0.00%"
"07/04/1996","11,013.0","11,010.0","11,013.0","11,010.0","","0.00%"
"31/03/1996","11,013.0","11,010.0","11,013.0","11,010.0","","0.00%"
"24/03/1996","11,013.0","11,010.0","11,013.0","11,010.0","","0.02%"
"17/03/1996","11,011.0","11,008.0","11,011.0","11,008.0","","0.00%"
"10/03/1996","11,011.0","11,008.0","11,011.0","11,008.0","","0.00%"
"03/03/1996","11,011.0","11,008.0","11,011.0","11,008.0","","-0.01%"
"25/02/1996","11,012.5","11,010.0","11,012.5","11,010.0","","0.00%"
"18/02/1996","11,012.5","11,010.0","11,012.5","11,010.0","","0.00%"
"11/02/1996","11,012.5","11,010.0","11,012.5","11,010.0","","0.00%"
"04/02/1996","11,012.5","11,010.0","11,012.5","11,010.0","","0.00%"
"28/01/1996","11,012.5","11,010.0","11,012.5","11,010.0","","0.00%"
"21/01/1996","11,012.5","11,010.0","11,012.5","11,010.0","","0.00%"
"14/01/1996","11,012.5","11,010.0","11,012.5","11,010.0","","0.00%"
"07/01/1996","11,012.0","11,010.0","11,012.0","11,010.0","","0.00%"
"31/12/1995","11,011.5","11,010.0","11,011.5","11,010.0","","0.00%"
"24/12/1995","11,011.0","11,010.0","11,011.0","11,010.0","","0.00%"
"17/12/1995","11,011.0","11,010.0","11,011.0","11,010.0","","0.00%"
"10/12/1995","11,011.0","11,010.0","11,011.0","11,010.0","","0.00%"
"03/12/1995","11,011.0","11,010.0","11,011.0","11,010.0","","0.01%"
"26/11/1995","11,010.0","11,009.0","11,010.0","11,009.0","","0.00%"
"19/11/1995","11,010.0","11,009.0","11,010.0","11,009.0","","0.01%"
"12/11/1995","11,008.5","11,008.0","11,008.5","11,008.0","","0.00%"
"05/11/1995","11,008.5","11,007.0","11,008.5","11,007.0","","0.02%"
"29/10/1995","11,006.0","11,004.0","11,006.0","11,004.0","","-0.02%"
"22/10/1995","11,008.0","11,004.0","11,008.0","11,004.0","","0.00%"
"15/10/1995","11,008.0","11,004.0","11,008.0","11,004.0","","0.01%"
"08/10/1995","11,006.5","11,000.0","11,006.5","11,000.0","","-0.07%"
"01/10/1995","11,014.0","11,008.0","11,014.0","11,008.0","","-0.08%"
"24/09/1995","11,022.5","11,015.0","11,022.5","11,015.0","","-0.07%"
"17/09/1995","11,030.5","11,025.0","11,030.5","11,025.0","","0.00%"
"10/09/1995","11,030.5","11,025.0","11,030.5","11,025.0","","0.00%"
"03/09/1995","11,030.5","11,025.0","11,030.5","11,025.0","","0.00%"
"27/08/1995","11,030.5","11,025.0","11,030.5","11,025.0","","-0.05%"
"20/08/1995","11,036.5","11,030.0","11,036.5","11,030.0","","-0.08%"
"13/08/1995","11,045.0","11,039.0","11,045.0","11,039.0","","0.05%"
"06/08/1995","11,039.0","11,030.0","11,039.0","11,030.0","","0.00%"
"30/07/1995","11,039.0","11,030.0","11,039.0","11,030.0","","0.00%"
"23/07/1995","11,039.0","11,030.0","11,039.0","11,030.0","","0.04%"
"16/07/1995","11,035.0","11,020.0","11,035.0","11,020.0","","-0.08%"
"09/07/1995","11,043.5","11,035.0","11,043.5","11,035.0","","0.00%"
"02/07/1995","11,043.5","11,035.0","11,043.5","11,035.0","","-0.02%"
"25/06/1995","11,046.0","11,040.0","11,046.0","11,040.0","","0.00%"
"18/06/1995","11,046.0","11,040.0","11,046.0","11,040.0","","-0.05%"
"11/06/1995","11,051.0","11,045.0","11,051.0","11,045.0","","0.00%"
"04/06/1995","11,051.0","11,045.0","11,051.0","11,045.0","","0.00%"
"28/05/1995","11,051.0","11,045.0","11,051.0","11,045.0","","0.00%"
"21/05/1995","11,051.0","11,045.0","11,051.0","11,045.0","","0.00%"
"14/05/1995","11,051.0","11,045.0","11,051.0","11,045.0","","0.00%"
"07/05/1995","11,051.0","11,045.0","11,051.0","11,045.0","","0.04%"
"30/04/1995","11,047.0","11,041.0","11,047.0","11,041.0","","0.00%"
"23/04/1995","11,047.0","11,041.0","11,047.0","11,041.0","","0.00%"
"16/04/1995","11,047.0","11,041.0","11,047.0","11,041.0","","-0.03%"